意图,回应
如何搜索,输入您的目的地、旅行日期和客人人数，然后单击或点按“搜索”。过滤器可以帮助缩小选择范围（例如：价格范围）。单击或点击更多过滤器以查看所有可用过滤器。滚动列表或使用地图查找特定位置的列表。单击或点击列表以将其打开。阅读描述、检查可用设施、查看房屋规则，并阅读其他房客为房东留下的评论。您还可以搜索社区、地标等。对您心目中的地方有疑问吗？给主人留言。
搜索地图,该地图是查看与感兴趣区域相关的列表的快速方法。您可以放大或在地图上四处移动以查找最初未显示的其他列表。
搜索筛选类型,在搜索结果页面的顶部，您会找到流行的过滤器，例如： 地点类型：从共享房间到整个地点，了解有关住宿地点类型的更多信息。独特的列表：从灯塔、小屋或船只等选项中进行选择。价格：使用滑动比例在您的价格范围内缩小搜索范围。取消灵活性：认为您的计划可能会改变？查找取消政策提供灵活性的住宿。立刻预订：查找您可以预订的地方，而无需等待房东批准。房间和床：卧室、浴室、床——选择适合您的团队的号码。物业类型：这是您的住宿，您的氛围如何？搜索别墅、旅馆、公寓等。独特的住宿：继续前进，实现梦想！搜索树屋、蒙古包，甚至城堡。便利设施：有些人需要一个工作厨房，有些人需要一台电视，而其他人则需要免费停车。选择你需要舒适的东西。设施：游泳池？健身房？你有选择。可访问性：淋浴时需要无台阶入口或扶手？选择舒适和安全的功能。主持人语言：选择讲您知道的语言的主持人。房屋规则：你想要一个可以养宠物的地方吗？您是否打算在逗留期间接待任何当地游客？搜索具有适合您的规则的地点。
搜索筛选,有时您只想浏览。其他时候，你确切地知道你想要什么。当您寻找住宿地点时，搜索过滤器是缩小选择范围的好方法。
通用搜索类别,行李打包不知道去哪里？如果客人需要灵感，他们可以浏览 爱彼迎 类别（基于住宿的独特风格、位置或与活动的接近程度的系列），以帮助他们找到适合他们的住宿（和风格）。客人可以发现更灵活的旅行方式——浏览数以百万计的他们从来不知道存在的房屋。如果客人搜索特定目的地，他们的搜索结果将包括所有列表。此外，还将显示类别，从而更容易在搜索区域内（或仅在其外）发现令人难以置信的房屋。
搜索取消方针,即使是最好的计划也会改变。 爱彼迎 房东明白这一点，这就是为什么他们中的许多人会提供足够的时间来取消您的预订，而如果出现问题，可以免费取消预订。现在，您可以使用我们的搜索过滤器找到具有更灵活取消政策的列表。如果您最终需要取消，即使它接近您的出发日期，您也可以搜索提供全额退款的列表。要使用此过滤器，只需输入您的目的地和旅行日期。在房源页面上，您可以选择取消过滤器以仅显示提供以下服务的房源：如果您在抵达前至少 1 天取消，则全额退款每晚房费，或者，如果您至少在抵达前 5 天取消，全额退款每晚房费到到达 您可以在预订前查看房东在其房源上设置的具体取消政策，该政策会告诉您需要在什么日期之前取消以避免任何处罚。
搜索类别,如果客人搜索特定目的地，他们的搜索结果将包括所有列表。此外，还将显示类别，从而更容易在搜索区域内（或仅在其外）发现令人难以置信的房屋。如果他们不搜索特定目的地，则可能会根据季节、位置和任何以前的客人搜索显示类别选择。
搜索分住宿,想在两个不同的房子之间分开住更长的时间吗？客人可以尝试使用“拆分住宿”功能，该功能可以在他们的日期范围内将两次连续住宿配对，让他们在旅途中探索不同的家庭、社区甚至不同的目的地。例如，如果他们正在浏览冲浪类别，Split Stays 可能会向他们展示位于圣巴巴拉和拉霍亚的一对住宅，然后在地图上显示两个住宅之间的距离，以便他们知道这两座住宅的位置（以及哪个逗留是第一的）。一旦他们选择了拆分住宿，他们就会被引导通过一个易于使用的界面来预订每次住宿——一次一个家。
搜索邻里,"您可以像搜索城市一样搜索特定的社区、地标或街道，方法是在位置字段中输入。 （例如：“Sagrada Familia, Barcelona”或“Lombard Street, San Francisco”。）您还可以在搜索结果中找到地图上标识的社区和当地景点"
列表有空,只要您在爱彼迎上搜索时输入您的目的地、旅行日期和客人人数，所有出现的房源都应该可用。您还可以考虑向主机发送消息以确认可用性以及任何其他详细信息。我们鼓励房东及时更新他们的日历，但检查一下也无妨。
列表类型,整个地方 如果您正在寻找一个家外之家，那么整个地方都是最好的。拥有一个完整的地方，您将拥有整个空间。这通常包括卧室、浴室、厨房和单独的专用入口。房东应在描述中注明他们是否会入住该物业（例如：“房东占据房屋的一楼”），并提供有关房源的更多详细信息。私人房间 如果您喜欢一点隐私，但仍然重视本地连接，私人房间非常棒。当您预订私人房间时，您将拥有自己的私人睡眠房间，并可能与他人共享一些空间。您可能需要穿过其他主人或客人可能占据的室内空间才能到达您的房间。酒店客房 无论是私人客房还是共用客房，酒店客房都提供与传统酒店相关的服务和热情好客水平。客房可在精品或生活方式酒店、旅馆、住宿加早餐旅馆或类似物业中使用。它们通常包括充满活力的公共区域和具有独特风格的房间。共享房间 共享房间适用于您不介意与他人共享空间的情况。当您预订共享房间时，您将睡在与他人共享的空间中，并与其他人共享整个空间。共享房间在寻找新朋友和预算友好型住宿的灵活旅行者中很受欢迎。
列表自己入住登记,自助入住意味着客人无需主人在场即可进入某个地方。在抵达日期的指定入住时间之后的任何时间，客人都可以方便地通过以下方式进入： 钥匙箱 智能锁 键盘 钥匙或通过大楼工作人员（如门卫或前台服务员）进行访问，他们必须在场24/7 这样做
列表立刻,只要您已完成帐户设置，即刻预订列表允许您立即预订，而无需向房东发送请求以获得批准。没有额外费用，对于最后一分钟的旅行特别方便。只需过滤您的搜索以仅显示 Instant Book 列表并预订！
列表标签,在浏览特定房源的评论时，您可能会注意到一些评论包含标识客人住宿类型的标签。这些标签旨在帮助您找到可能与您的旅行相关的评论。您可能会在列表中找到的标签是： 长期住宿：在客人停留的地方至少停留 28 天 周末旅行：对从周五或周六开始到周日结束的周末住宿的评论 最后一分钟旅行：任何提前不到 2 天预订的住宿 团体旅行：评价至少有 4 名成人且没有儿童或婴儿的住宿 家庭旅行：评价至少有一名儿童或婴儿的住宿。根据您为特定住宿选择的搜索选项，这些标签可能会显示也可能不会显示。
列表网络,要查看列表中的 网络 速度：转到 网络 旁边的“此地点提供的内容”部分，您会找到以 Mbps 为单位的下载速度。如果 网络 大于 50 Mbps，您将看到 Fast 网络 而不是 网络 如果您转到显示所有设施并滚动到 Internet 和办公室部分，在 网络 旁边，您将看到有关不同速度可以进行哪些活动的更多详细信息一般支持
每月上市,在 爱彼迎 的每月住宿部分突出显示的房源符合这些标准。要接受更长时间的住宿，房源必须可用于 28 天或更长时间的预订。这些房源配备了适合长途旅行的便利设施，包括：厨房、无线网络、必需品（卫生纸、肥皂、毛巾、床单和枕头）、每月折扣价和延期付款、入住 28 晚或更多为您的住宿打折。包含在每月住宿中的房源必须提供 28 天或更长时间的折扣或专门定价。入住 28 天或更长时间的客人可以按月支付住宿费用。
列表不退款,不可退款选项是一种折扣，可让您以较低的价格预订，但除非您有特殊情况，否则无法取消全额退款。房东可以在其他折扣（如每月或每周折扣）的基础上提供它。折扣价格是您将在搜索结果中看到的价格，并且可以预订到： 灵活取消房源在所需入住前 1 天 中等取消房源在所需入住前 14 天对于严格取消列表
列表许可,一些城市要求房东获得许可证或注册号才能在 爱彼迎 上列出他们的房源。他们列表中的相应字段允许他们显示该编号以确保合规性。并非每个城市都要求这样做，因此没有注册号并不意味着房东不合规——他们只是不需要注册。您可能会在该字段中找到另一条消息，而不是编号： 城市注册待定：房东已开始注册过程，但尚未获得许可证或注册号 - 预订这些房源完全没问题 除了房源是免税的由于城市确定的原因而从注册开始——这些房源也完全可以预订
愿望单保存,我们将帮助您跟踪您在 爱彼迎 上发现的所有精彩内容。只需单击或点击任何您想要记住的体验或住宿地点上的心。您可以选择创建和命名新的愿望单或将其添加到现有的愿望单。
愿望单分享,单击您的个人资料并转到您的愿望单 选择您要共享的愿望单 单击三个点 单击发送邀请并选择您希望如何共享您的愿望单 要删除对愿望单的访问权限，请在列表中选择此人的个人资料图片，然后单击或点击消除。
愿望单朋友分享,您可以通过向他们发送电子邮件或短信，或通过社交媒体，或仅通过复制链接来邀请某人加入愿望单。需要注意的一件事：任何拥有您的愿望单链接的人都可以查看它。但是，查看它的人不会将您的名字视为愿望单作者，也无法在愿望单中添加或删除 爱彼迎 房源。
愿望单分享显示,您可以通过向他们发送电子邮件或短信，或通过社交媒体，或仅通过复制链接来邀请某人加入愿望单。需要注意的一件事：任何拥有您的愿望单链接的人都可以查看它。但是，查看它的人不会将您的名字视为愿望单作者，也无法在愿望单中添加或删除 爱彼迎 房源。
愿望单删除,单击您的个人资料并转到您的愿望单 选择您要分享的愿望单 单击三个点 单击删除此愿望单，确认您的选择，然后单击删除
预订新,直接进入搜索很诱人，但首先要做的是：完成您的个人资料。这让潜在的房东有机会在查看您的旅行申请时了解您。请务必验证您的身份证件并附上个人资料照片 - 一些房东需要它们。搜索地点时，请提供您的日期和客人人数，以获得最准确的价格。仔细查看每个房源的以下内容： 描述 图片 评论 房屋规定 便利设施 取消政策 如有任何其他问题，请随时向房东发送消息——他们通常会在 24 小时内回复。选好地方后，就预定吧！每个房东都有自己的风格：有些房东很乐意让您立即预订，而有些房东则要求您发送批准请求。了解如何预订和期待什么。
预订朋友家人,除非你们住在一起，否则您不能代表他们预订。我们要求房客自行预订所有个人旅行预订，因为房东在批准过程中依赖阅读他们的个人资料、评论和其他验证。
预订工作,如果您的公司注册了 爱彼迎 for Work，您可以指定人员代表他人预订旅行。
预订参观,为帮助确保客人和房东的安全和隐私，请在要求访问之前完成您的预订。我们仅在预订确认后才会发布联络信息。此外，请务必将所有预订、消息传递和财务交易直接保存在爱彼迎网站或应用程序上。有很多方法可以让您在不访问酒店的情况下楚地了解某个地方： 仔细查看房源并向房东发送具体问题 查看他们的个人资料验证 阅读评论了解更多详细信息 浏览经过验证的照片
预订分开,拆分住宿是一项功能，可让您在 2 个不同的列表之间拆分较长的住宿。每次拆分住宿都会在您的日期范围内配对 2 次连续住宿，让您在旅途中探索不同的房源、社区甚至不同的目的地。在搜索日期为一周或更长时间的住宿时，如果满足您的搜索条件的房源少于 300 个，则拆分住宿会自动显示在搜索结果末尾的“所有房源”类别中。只需向下滚动即可查看一系列选项，以将您的行程分配给彼此相对较近的 2 个列表。
预订如何分开,单击结果中的拆分住宿卡。它将打开类似的列表体验，您将能够单击进入同一屏幕上显示的 2 个列表中的每一个。您将能够像往常一样查看每个列表的所有详细信息。单击任一列表并开始结帐过程。完成第一个列表的结帐过程。一旦该列表被保留，您将被引导完成第二个列表。
预定分开条件,如果您只想预订住宿中的其中一个房源，您可以完成其中一个房源的结账，然后退出另一个房源的结账。第一个列表将保留在您的帐户下。然后，您可以选择搜索剩余日期的替代列表。拆分住宿不允许您在结账过程中编辑日期。如果您想编辑日期，您可以单独打开该列表，调整这些日期，然后像往常一样单独预订该列表。您将被从分期住宿选项中移除。
预定之前,自我介绍。在您的个人资料中分享您的简历并验证您的身份。房东想知道您是谁，并且更有可能接受您的请求。确保它是匹配的。检查照片、评论和房屋规则，以确保空间和托管风格适合您的需求。问好。如有任何问题，请随时与主持人联络。
旅游预定之前,与您的主机交谈。楚地传达您的期望和特殊需求。给他们一个提示。让他们知道您是否可能会迟到办理登机手续。
预定后,留下评论。始终为您的房东留下诚实的评论。他们将被邀请为您做同样的事情。要有建设性。让他们知道您喜欢什么，需要什么工作，如果您愿意，请毫不犹豫地赞美他们！
aircover,AirCover 可以保护您免受入住期间可能出现的许多问题的影响——比如冬天的热量流失——但它不包括更多的小不便，比如烤面包机坏了。如果在您入住期间确实出现问题，我们建议您先与房东联络，看看他们是否可以轻松解决。如果他们不能，您可以在您第一次发现问题后 72 小时内联络我们，我们会进行调查。如果我们发现问题受 AirCover 保护，我们将为您提供全额或部分退款，或者根据具体情况为您寻找类似或更好的住宿地点。
aircover规矩,AirCover 是一项全面的保护计划，每次预订都免费提供。它包括我们的重新预订和退款政策、专门的 24 小时安全热线以及其他类型的基本支持。 AirCover 可保护您免受入住期间可能出现的严重旅行问题的影响，包括： 如果您的房东在您入住日期后 30 天内取消您的预订 如果您无法进入房源，而您的房东无能为力如果房东、其他人或宠物在您入住期间在该空间内，并且房源描述中未提及 如果房源在登记入住时由于洁、安全或健康原因不适合居住 如果单描述对于重要的事情并不准确。例如，如果房屋缺少主要的广告设施（如冰箱），它是不同类型的房屋，或者卧室数量错误 如果在您入住期间确实出现问题，您首先需要联络到您的主机，看看他们是否可以轻松解决它。如果他们不能，请在发现问题后 72 小时内联络我们。如果我们发现问题受 AirCover 保护，我们将为您提供全额或部分退款，或者根据具体情况为您寻找类似或更好的住宿地点。
预定要求,在预订住宿或体验之前，我们可能会要求您提供政府身份证或验证您的身份。我们需要知道一些基本信息——我们不会与房东或其他任何人分享这些信息。我们也鼓励使用头像，有些房东可能会要求使用头像，但在确认预订之前不会显示头像。我们需要您： 全名 电子邮件地址 已确认的电话号码 付款信息 您的房东可能会要求： 简短的介绍性信息 同意房屋规则
年龄要求,我们都喜欢环游世界，但未满 18 岁的任何人创建旅行或房东帐户都违反了我们的服务条款。
孩子旅游,我们的许多房东都以为难忘的家庭假期创造空间而自豪。一些房东指定他们的空间可能不安全或不适合儿童或婴儿。一切都应该在列表详细信息中，但如果您有任何问题，请随时向主机发送消息。在提出旅行请求时，让房东知道谁来——包括婴儿和儿童。虽然婴儿（2 岁以下的儿童）通常不会产生任何额外费用，但一些房东将儿童视为客人，这可能会在预订中增加额外的客人费用。
服务性动物,服务性动物：经过单独训练为残疾人工作或执行任务的狗或微型马。我们允许的内容：客人可以在入住或体验期间由服务性动物陪伴，并且无需在预订前披露服务性动物的存在。在某些情况下，房东可能有资格获得豁免——例如，如果服务性动物直接威胁到他们的健康或安全。房东只能就房客对服务性动物的需求提出以下问题：房客是否因残疾而需要服务性动物 服务性动物接受过培训可以执行的工作或任务 我们不允许：当房客有服务性动物陪伴，房东不得： 拒绝预订 收取宠物费或其他额外费用 应用差别待遇 使用歧视性语言 要求客人遵守不同的规则 客人的服务性动物不得： 失控 未家暴 独自留在在未经事先批准的情况下上市 允许进入被视为未经客人许可的区域 允许进入公共场所而不受束缚、束缚或束缚，并且不受客人控制 如果您在巴西，房东可以就客人的以下问题询问需要服务性动物：请求提供信息以适当识别服务性动物并将其与任何其他情绪化的狗/宠物区分开来 身份证和身份证明培训中心或自雇教师出具的包含以下信息的证明牌： 身份证 教师和动物姓名 培训中心或教师的名称 培训中心的 CNPJ 或教师的 CPF 教师和动物的照片 教师和动物的姓名 培训中心的名称或指导员培训中心的 CNPJ 或指导员的 CPF 要求动物更新的疫苗接种卡，带有多次和抗狂犬病疫苗接种的证明，由在该行业监管机构注册的兽医签署。导师还需要有动物装备，包括项圈、皮带和带把手的安全带。情感支持动物：提供陪伴、缓解孤独感或帮助缓解抑郁、焦虑或某些恐惧症但不需要接受特殊培训来执行帮助残疾人的任务的动物 我们允许：除非预订是在纽约或加利福尼亚（美国）或适用法律禁止的其他地方： 房东可能会向携带情感支持动物旅行的客人收取宠物费 房东可以拒绝入住或体验我们的情感支持动物不允许：对于要求房东接受情感支持动物的司法管辖区（除非房东有豁免），房东不能： 收取宠物费、拒绝客人或对与同行的客人应用不同的规则、待遇或行为情感支持动物 要求提供有关客人情感支持动物的信息或文件，超出上述针对服务性动物的问题。在要求房东接受情感支持动物之前，房客的情感支持动物不得： 失控 未入屋 未经事先批准单独留在房源 允许进入被视为未经房客允许的区域 允许在公共场所未经安全约束，用皮带拴住，或拴住，不受客人控制
预定中国,在中华人民共和国（为此，不包括香港、澳门和台湾）（“中国”）入住 爱彼迎 房源的所有旅行者必须提供与中国其他酒店公司几十年来收集的信息类似的信息.这是我们正在采取的一个步骤，我们正在探索帮助我们的主人和客人遵守适当的规则和规定的方法。爱彼迎通过爱彼迎互联网（北京）有限公司（“爱彼迎中国”）在中国（不包括香港、澳门和台湾）（“中国”）开展业务。如果您不居住在中国：如果您不居住在中国并且您查询或确认在中国的服务预订，您提供的信息将由爱彼迎中国传输、存储、使用和处理，例如: 您的姓名、电话号码和电子邮件地址 预订和入住/退房信息，包括城市、日期、时间、付款金额、房源地址和有关您房源的公开可用数据 您和房东之间的消息 姓名、国籍、性别、出生日期、护照/国民身份证详细信息（包括身份证类型、身份证号码和护照到期日期），包括您自己在内的所有入住房客的信息来源于您在上面提供的信息（例如城市为您地址的一部分）或您使用爱彼迎平台或与爱彼迎平台互动以查询或确认在中国的服务预订（例如发送消息或确认预订的日期或时间）。中国政府机构要求爱彼迎中国披露与中国房源相关的房东和房源信息，以及与中国预订相关的客人预订和入住/退房信息。与在中国开展业务的其他酒店公司类似，爱彼迎中国将向中国政府机构披露您的上述信息，恕不另行通知。您的信息可能会进一步与服务提供商（包括中国）共享，以帮助我们开展业务。我们的服务提供商也可能会在法律要求的情况下披露您的信息。请参阅我们的隐私政策和我们的中国隐私政策，以了解有关我们隐私惯例的更多信息。如果您居住在中国：如果您居住在中国，您的信息将由爱彼迎中国存储、使用和处理。如果您查询或确认预订中国服务，您提供的信息将由爱彼迎中国存储、使用和处理，例如： 您的姓名、电话号码和电子邮件地址 预订和入住/退房信息，包括城市、日期、时间、付款金额、房源地址和有关房源的公开数据 您和房东之间的信息 姓名、国籍、性别、出生日期、护照/国民身份证详细信息（包括身份证类型和身份证号码) 和入住房源的所有房客的护照到期日，包括您自己的信息源自您在上面提供的信息（例如，作为您地址的一部分的城市）或您使用爱彼迎平台或与爱彼迎平台互动以查询或确认在中国的服务预订（例如发送消息或确认预订的日期或时间）。中国政府机构要求爱彼迎中国披露与中国房源相关的房东和房源信息，以及与中国预订相关的客人预订和入住/退房信息。与在中国开展业务的其他酒店公司类似，爱彼迎中国将向中国政府机构披露您的上述信息，恕不另行通知。您的信息可能会进一步与服务提供商（包括中国）共享，以帮助我们开展业务。我们的服务提供商也可能会在法律要求的情况下披露您的信息。
预定紧急,在某些情况下，在发生危机事件后，爱彼迎.org 会启动一项计划，允许受影响的人直接申请紧急住房。在这些情况下，您会在 爱彼迎 的新闻发布室中找到一篇文章，其中包含有关活动的信息以及您可以提交请求的链接。您需要登录或创建一个爱彼迎账户，确认您的资格地址，回答几个问题，并同意某些条款。在您提交请求后，爱彼迎.org 可能会与您联络以查看更多详细信息。 爱彼迎.org 的目标是在 24 小时内审核所有提交的内容。如果您的信息无法验证或不符合 爱彼迎.org 的资格标准，您将收到一封电子邮件通知您。在其他情况下，人们必须由 爱彼迎.org 非营利合作伙伴或其他组织推荐或协助才能预订或使用住宿。在这些情况下，个人不可能直接申请紧急住房。如果您获得批准，您将收到一封电子邮件，邀请您浏览可用的 爱彼迎.org 住宿。以下是一些需要牢记的提示： 仔细阅读电子邮件邀请。它将概述如何预订住宿以及您可以预订的日期。确保这个地方很合适。查看房源详情——卧室数量、便利设施和照片。确保您的住宿符合计划要求。如果没有，将根据主办方的取消政策取消。需要更多信息？如果您有任何疑问，请单击或点击列表页面上的联络房东。
联络,您可以查看列表，然后单击或点击联络主持人以发送消息。专业提示：如果您想询问具体的预订详情，请在点击联络房东之前输入您旅行的日期和客人人数（除非您选择了日期，否则您将无法发送消息）。
邀请预定,因此，您已经确定了一些日期，并找到了您感兴趣的地方。您向房东发送消息，他们回复了预订邀请。好消息——这意味着该位置可用，并且主人想要达成交易。下一步是什么？您所要做的就是在消息线程中单击“立即预订”，添加您的付款信息，然后单击“确认”。你会准备好的。还没准备好？您有 24 小时的时间来决定是否要预订这些日期和价格。如果您等待更长的时间，房客费用可能会发生变化，或者房东可能会接受另一个预订，因为他们可以邀请许多潜在的房客。
预先批准,预先批准是房东让您知道他们的房源是否在您询问的日期可用的一种方式。获得预先批准后，您可以自动预订这些日期的预订，而无需等待房东再次回复。请记住，当房东向您发送预先批准时，您的预订只有在您点击消息线程中的预订并添加您的付款信息后才会得到确认。房东可以向多位潜在房客发送预先批准，因此如果您找到了完美的房源，请务必尽快完成预订流程。您有 24 小时的时间在其到期前接受预先批准。如果超过 24 小时，您仍然可以接受预先批准，但您的房东需要先批准您的请求，然后才能确认您的预订。
接受,转到您的收件箱并打开您的房东的消息查看您的预批准或特别优惠的详细信息，然后单击或点击立即预订下一步，单击预订并查看您的付款信息点击或点击确认并付款
特别优惠,房东选择自定义价格（或其他详细信息）并邀请您使用新的详细信息进行预订。您将有 24 小时的时间接受特别优惠。
合同,一些房东要求房客签署合同或租赁协议。这样房东就可以合法地执行某些保护自己和财产的规则。您应该在预订前了解此要求，并且您没有义务签署任何内容。如果您不满意，您可以与房东讨论或寻找其他住宿地点。如果您进行了预订，然后房东告诉您有关合同的信息，您可以拒绝签署并要求房东取消您的预订。
列表如何立刻预定,前往房源并点击查看空房情况 选择日期、房客人数，然后点击预订 如果显示确认并付款，您可以立即预订 如果显示请求预订，您可以添加付款信息，查看政策和条款，并在提交前向房东发送消息 如果您立即预订，您就可以出发了。如果您发送请求，您的房东通常会在 24 小时内回复。同时，我们可能会要求您验证您的身份——一些主机需要它，这有助于我们确保社区的安全。在除印度以外的任何地方，如果房东接受您的请求，您将被收取预订费用。如果他们拒绝或未在 24 小时内回复，则不收取任何费用，您可以免费预订其他住宿。对于以印度卢比付款的客人，您将在请求预订时支付预订费用。如果您的请求过期或被房东拒绝，我们将立即全额退款，这可能需要长达 10 天，具体取决于您的银行。
取消,首先，检查您的请求的状态。如果房东已经接受了，则受其取消政策的约束。如果仍处于待处理状态，您可以取消，并且不会向您收取预订费或服务费。最简单的方法是在您的收件箱中找到您的主机的消息线程，然后选择撤回请求。否则： 1. 前往旅行并单击显示更多旅行计划 2. 对于显示待定房东批准的预订，单击取消预订 3. 单击取消请求/预订
查看预订,您的预订状态可让您随时了解各种情况，例如您是否已确认或是否需要执行验证 ID 或留下评论等操作。要查看它，请在收件箱中找到与房东相关的消息线程，或者转到旅行并单击或点击显示更多旅行计划，然后显示详细信息。已确认状态意味着您可以开始了！如果您设置了这些，您将收到一封电子邮件，以及文本 (SMS) 和推送通知。
预定分别,对于 Instant Book 列表，您的预订会自动确认。如果您使用了“请求预订”按钮，房东有 24 小时的时间做出回应。如果他们拒绝或没有回应，请不要担心：您不会被收取费用，并且可以免费预订不同的住宿。无论哪种方式，请确保您的帐户是最新的，包含有效的付款信息和经过验证的 ID（某些主机需要它。）
保留状态,今天到达 客人将在 24 小时内到达。明天到达 客人很快就会到达，但不会在 24 小时内到达。 __ 天后到达 客人将在所述天数内进行检查。现在是打印预订详情和协调登记入住的好时机（如果您还没有的话）。等待客人 ID 主人要求客人在接受旅行请求之前验证他们的身份。他们有 12 小时的时间这样做；否则，请求将过期。 Awaiting guest review 客人已经退房，并有 14 天的时间来写下他们的住宿评论。 Awaiting payment 行程请求已被接受，但客人的付款尚未完成。在付款完成之前无法确认预订，因此他们有 24 小时更新付款信息。否则，预订将被取消而不会受到处罚。详细了解等待付款的预订。已取消 预订被取消，可能是因为： 客人未在 12 小时内验证其身份 未完成付款且未在 24 小时内更新付款信息 被您/客人/房东取消/爱彼迎 房东、房客或 爱彼迎 取消了已确认的预订。有时，爱彼迎 可能会代表房东或房客取消预订。今天退房 客人将在 24 小时内退房。未决更改 主人或客人已发起行程更改。已确认 旅行请求已被房东或通过 Instant Book 自动接受。 爱彼迎 已收取款项。当前托管 客人此时正在旅行。好的！ Invite expired 客人在收到房东预先批准的预订邀请后 24 小时内未接受。他们仍然可以预订该地点，但他们需要发送新的旅行请求。邀请已发送 房东已邀请客人预订显示的日期并自动确认。客人有 24 小时的时间选择立即预订。不可能 请求的日期不再可用。发生这种情况的原因有多种，包括预订重叠或房东日历的最近更新。优惠已过期 客人收到房东的特别优惠，但未在 24 小时窗口内接受。过去的客人 客人完成了他们的旅行。请求被拒绝 主人拒绝了客人的旅行请求，因此不会向他们收费。请求已过期 主人或客人接受或拒绝请求的时间超过 24 小时。如果客人仍然感兴趣，他们将需要发送新的请求。获取有关拒绝或过期请求的更多详细信息。请求已撤消 客人发送了旅行请求，但随后决定取消。点评客人 行程结束，房东有14天时间给客人留下点评。已发送特别优惠 房东已邀请客人以与所列价格不同的价格预订显示的日期。房东经常这样做是为了提供折扣或在预订中增加额外的金额，例如宠物费。客人有 24 小时的时间通过选择立即预订来接受预订——此时，预订将被自动接受。 爱彼迎 更改了行程 我们的客户支持团队已代表房东或客人更改了行程详情。旅行更改被拒绝 房东拒绝了客人更改旅行详情的请求。已请求旅行更改 客人已请求更改有关其旅行的详细信息。如果房东不接受，他们将不得不按照原计划进行或取消。已发送行程变更 房东已请求更改有关其行程的详细信息。如果客人不接受，他们将不得不按原计划或取消。旅行被拒绝 客人提出旅行问题，但主人拒绝了，这意味着客人无法发送旅行请求。这可能是由于它们的可用性发生了变化。查询 客人已询问有关具体日期的问题，但尚未发送旅行请求。为了保持他们的回复率，我们鼓励房东在 24 小时内回信，并邀请房客在查询到期前预订、拒绝或发送特别优惠。如果您的状态显示“查询 - 即将到期”，请查看今日仪表板以了解您必须在多少小时内回复才能为时已晚。了解有关联络房东的更多信息。
联络没回复,大多数主机会在几个小时内做出响应，但时区和缺乏互联网访问可能会减慢速度。与此同时，尝试联络该地区的其他房东。请注意不要在同一日期发送多个旅行请求，以确保您最终不会重复预订。不想等待主机响应？试用 Instant Book 房源——只要您已完成帐户设置，您就可以立即预订，而无需向房东发送请求以获得批准。
联络时间,房东有 24 小时接受或拒绝您的请求，但绝大多数会在 12 小时内回复。很有可能，它会更快：超过一半的旅行请求在主人阅读它的一小时内被接受。您可以随时查看您的旅行请求的状态，但当事情发生变化时，您也会收到电子邮件更新。当房东确认您的请求后，爱彼迎将处理并全额收取您的付款。如果他们拒绝或让它过期，您将不会被收取费用，您可以自由预订不同的住宿。需要来自您的主机的更多信息？您可以使用收件箱向房东发送消息或前往您的旅行。
更改待定,改变计划？没问题。只要您的预订状态仍处于待处理状态，您就可以撤回您的请求并发送一个新请求：只需转到您与房东的消息线程并选择撤回请求，或者您可以前往旅行并取消待处理的旅行请求。之后，只需发送一个包含更新详细信息的新请求。取消或撤回请求后，您可以发送新的请求，其中包含更改的日期或客人人数。
预订体验,预订很容易——只需在爱彼迎网站或应用程序上找到“体验”部分。您可以选择特定的城市和日期，或浏览所有体验。请记住，体验可用性由个人主机设置。需要一个很棒的住宿活动吗？您无需在 爱彼迎 上预订房屋即可预订体验。
预订多种体验,您可以预订尽可能多的体验！只需交叉检查时间表以避免重叠的预订体验。
预订在线体验,您可以像预订面对面体验一样预订在线体验。只需确保您可以通过台式机、平板电脑或移动设备访问 Zoom。
预订在线体验价格,在线体验按每人计费，系统会要求您为每个加入体验的人预订一个位置。但是，如果主持人对每个设备加入的多个客人开放，他们会在您将做什么和如何参与下的体验页面上告诉您。
预订在线体验更改取消退款,您最多可以在开始时间前 7 天或预订后 24 小时内取消。您可以在体验开始前最多 72 小时更改预订。在线和线下爱彼迎体验的取消和更改政策相同。如果在线体验期间您自己的设备或主持人的设备出现任何技术问题，例如音频或视频问题，您有资格获得全额退款。
预订在线体验参加,您将在确认电子邮件中了解您需要了解的所有内容，但您也可以查看体验页面的“如何参与”和“宾客要求”部分。要查找您的在线体验的 Zoom 链接，请访问： 您的确认电子邮件 您的提醒电子邮件 旅行，包含在您的预订信息中
举报,如果您发现任何不当内容，请联络爱彼迎社区支持并举报。提供尽可能多的信息，我们将调查该问题。
体验包括,每次体验都不同，因此最好在预订前仔细查看包含和不包含的内容。例如，您需要知道您的品酒体验中是否包含饮品，或者您是否需要为博物馆之旅的特别展览付费。房东将此信息添加到体验页面。查看包含的内容或我将提供的内容部分以了解预期内容。住宿通常不包含在单日体验中。多日冒险确实包括住宿、用餐和活动。
体验组,当您找到要预订的体验时，请检查“为私人团体预订”选项是否可用。您还可以联络主持人，了解他们是否可以私下主持您的小组或为您的小组定制体验。请注意，房东是否提供私人团体由房东自行决定 如果您的团体进行预订并且您为该预订支付的总金额超过了房东的最低价格，那么您的团体将支付更高的金额。
体验邀请,如果您预订体验，您可以向所有其他客人发送邀请链接，该链接将提示他们单击或点击领取您的座位。一旦他们这样做，他们将拥有被添加到预订中的所有好处。一件重要的事情：您邀请的人必须拥有 爱彼迎 帐户才能使用“认领座位”功能。完成预订后： 前往旅行并在即将到来的选项卡下找到您的体验 单击或点按更多详细信息 向下滚动以复制邀请链接 将链接发送给您的组中的人 一旦他们单击或点按认领您的座位，您的客人将获取：一封确认电子邮件，其中包含他们的预订详细信息和用于登录活动的 Zoom 链接。 （别担心！电子邮件不会显示定价信息，这是您和房东之间的信息）。访问与主持人的直接消息线程，以及与其他与会者（包括您作为预订者）的组消息线程。体验结束后留下评论的选项。如果您需要增加团体人数（越多越好！），您始终可以在“管理预订”下的体验开始之前添加更多客人——具体取决于您的体验主持人可以容纳的内容。
易接近,输入您的目的地和所需日期 显示搜索结果后，单击过滤器 单击选择辅助功能 选择享受体验所需的任何功能，然后单击保存
要求座位,您将收到预订体验人员的电子邮件。该电子邮件将包含一个邀请链接，该链接将提示您单击或点击“认领您的座位”。要求您的座位有点像 RSVPing。申请座位后，您将可以访问基本信息和重要功能，让您彻底享受体验。一件重要的事情：您需要拥有一个 爱彼迎 帐户才能使用“认领座位”功能。
体验申请更改,转到您想要的体验，然后单击联络房东 单击请求特定日期 选择日期、时间范围和客人数量 查看您的请求，然后单击发送请求 房东将查看预订详细信息并决定它们是否适合您进入他们的日程。如果他们确认，您可以通过收件箱中的消息完成预订如果他们无法容纳您，您可以尝试一起寻找彼此的美好时光
体验要求,特殊认证 想知道您的活动是否需要特定许可证，例如水肺潜水认证或驾驶执照？您的房东将在房源的房客要求部分提供该信息。技能水平 有些活动需要不同的技能水平，例如剧烈的徒步旅行或航海探险。此信息应包含在列表中。当然，您也可以随时向您的主持人提问，了解您在体验期间应该期待什么。
体验带额外的客人,在体验当天不经通知就带上几个额外的朋友，这是一个很大的“不”。如果他们没有通过 爱彼迎 预订他们的位置，房东可以将他们拒之门外。为避免失望，请尽早将您的朋友纳入您的计划或让他们自己预订体验。
体验帮人购买,分享爱彼迎体验时，体验令人惊叹。您最多可以为 10 位客人预订和付款，但您必须是参与者之一。对于某些体验，您可能会收到电子邮件通知，您和您邀请的任何客人都需要拥有 爱彼迎 帐户并提供 ID 才能参加。
体验_儿童,主人应该有详细的体验描述，说明体验是否适合儿童或必须多大年龄的儿童才能参加。您可以在预订前联络房东，询问有关体验所需技能水平的问题。请记住，所有 18 岁以下的儿童或客人必须由其法定监护人陪同。
体验饮食,主人应该有详细的体验描述，说明体验是否适合儿童或必须多大年龄的儿童才能参加。您可以在预订前联络房东，询问有关体验所需技能水平的问题。请记住，所有 18 岁以下的儿童或客人必须由其法定监护人陪同。
注册商务旅行,转到帐户并单击出差 输入您的工作电子邮件 单击添加工作电子邮件 注册 爱彼迎 for Work 没有最低或最高员工人数要求，因此即使您的公司是一个只有一个人的组织，您仍然可以自己注册并享受它带来的一切。
商务旅行加入,您可以将您的工作电子邮件地址链接到您现有的 爱彼迎 帐户。只需转到帐户，然后单击或点按出差旅行。输入您的工作电子邮件，然后单击或点击选择添加工作电子邮件。还没有爱彼迎账户？您可以使用您的工作电子邮件地址进行设置。一旦您注册并同意我们的条款和条件，您就可以加入您公司的帐户了。打开您独特的邀请链接。如果您已经将工作电子邮件地址添加到您的爱彼迎账户，您就可以开始探索住宿地点了。否则，请输入您的工作电子邮件地址，然后单击或点击添加工作电子邮件。如果您被邀请加入公司的特定团队，您可以单击或点击电子邮件中的请求加入团队。您的公司管理员将收到您已要求加入的通知。一旦他们批准了您的请求，您就会被添加到团队中。如果您收到“这不是受支持的电子邮件域”错误，请确保您没有使用公共电子邮件域（例如：gmail.com、hotmail.com）来注册您公司的帐户。如果您在输入有效的工作电子邮件域后仍然看到此错误，则表示您公司的企业帐户仅限邀请。尝试向贵公司的人力资源或差旅经理寻求邀请。如果您已经拥有个人 爱彼迎 帐户，请确保您在我们的商务旅行页面上输入您的工作电子邮件地址（例如：name@companyname.com）。我们将帮助您从那里链接您的个人帐户和工作电子邮件地址。
商务旅行书,您也可以使用我们进行商务旅行。通过选择这是一次工作旅行吗？ 将预订标记为商务旅行？在结帐时。这样，您可以添加将发送给管理您公司旅行的人员的旅行记录。您还将在您的工作收件箱中收到我们提供的可使用的收据。如果您已经预订了旅行并错误地将其标记为商务旅行，或者反之亦然，您可以随时通过转到您的旅行页面并选择或取消选择这是一次商务旅行来更新它。仅当您使用个人付款方式预订时才能执行此操作。如果您错误地向您的公司收取了商务旅行费用，您需要立即取消以避免取消费用和您组织的任何合规问题。
商务旅行旅行详细,前往旅行，选择即将到来的或过去的，然后选择您要编辑的旅行 前往付款信息 如果您已通过验证，请选择这是一次商务旅行（如果不是，请跳过此步骤） 单击添加旅行费用的详细信息 输入您的帐单地址或任何其他相关详细信息，然后单击保存 将增值税详细信息添加到您的备注不会影响您预订时收取的增值税。增值税发票不能更改。
商务旅行邀请旅行预订人,确认您的公司已注册 爱彼迎 for Work 将您的工作电子邮件地址添加到您的个人资料中 更改您的预订权限以允许其他人为您预订旅行 转到预订权限 在预订权限下，选择管理 输入您想要的人的电子邮件地址邀请，然后单击发送请求 此人将收到一封电子邮件邀请。当他们接受您的请求时，您将收到一封电子邮件确认。
出差体验,在 爱彼迎 主页上，单击体验 输入位置并选择日期 单击客人并输入参与者人数 您可以过滤结果或浏览，直到找到完美匹配。您还可以直接向主持人发送消息，询问他们是否可以私下主持您的小组，或为您的团队定制体验。准备好完成预订了吗？系统将提示您输入参与者的姓名及其电子邮件地址。包括电子邮件地址是可选的，但可以确保您的团队在此过程中获得有用的信息。
紧急手册合格,受灾难和救援人员影响的人以官方身份作出响应。为了符合条件，客人需要提供受影响地区的永久或当地旅行地址证明。难民和寻求庇护者。要获得资格，客人必须是公认的难民和/或正在寻求庇护、特殊移民签证 (SIV) 或具有类似人道主义目的的其他移民身份指定。 爱彼迎.org 经常与专门从事危机应对和难民安置工作的非营利组织和安置机构合作，以促进实地支持，包括评估潜在客人的需求和资格。 爱彼迎.org 客人自行预订临时住宿需要设置一个 爱彼迎 帐户，其中可能包括身份验证检查。 爱彼迎.org、其非营利合作伙伴、推荐组织或其服务提供商可能会审核客人的资格，然后才能使用住宿。
急救书前线,目前无法以个人身份申请前线逗留。要获得前线逗留的批准，您必须由合作伙伴组织推荐。如果您获得批准，您组织的预订者可能会代表您进行预订，或者可能会向您发送预订电子邮件邀请。以下是一些需要牢记的提示： 阅读电子邮件邀请中的所有信息。它会告诉你更多关于你可以预订什么样的住宿。确保预订标有“前线住宿”的房源。在收到预订邀请以确保正确应用折扣并且为 COVID-19 响应者预订位置之前，请勿进行预订。对于在 Frontline 住宿计划之外预订的住宿，我们无法免除费用。
前线住宿条件,要获得 爱彼迎 前线住宿的资格，您应该在以下领域积极开展 COVID-19 支持工作： 急救人员（例如：护理人员、警察、消防员） 医疗专业人员（例如：医生、医师、护士、紧急医疗技术人员） /EMT、护士助理、呼吸治疗师、药剂师、放射科医生、X 射线技师） 民防（例如：社会工作者） 社区卫生工作者（例如：辅导员、无资格的社区卫生工作者） 您还应该在以下机构之一工作在积极应对 COVID-19 的同时遵循以下设施类型： 医院 临时医院和 COVID-19 检测中心 诊所和紧急护理中心 熟练的护理设施和疗养院 您的前线逗留也需要出于以下原因之一：隔离（担心传染给家人或室友） 您通勤上班并且工作时间延长，需要离批准的设施更近 您是临时工作的区域外工人签名 不支持前线逗留的以下原因： 您有症状，需要自我隔离 您需要隔离 14 天以上 您需要暂息/休假 您想永久搬迁
前线住宿客人,在大多数情况下，前线留给积极参与 COVID-19 支持工作并需要自我隔离的人。然而，也有一些例外。其他人可以与您同住，如果他们是： 想要共享住宿地点的第一响应者同事 与您同住但由于您作为第一响应者的工作而不再有住房的家庭成员
如何消息,这一切都始于一条消息，无论您是对房源有疑问还是想立即预订住宿。与房东联络会启动一个您可以随时返回的消息线程，一旦您迈出了第一步，您的收件箱将帮助您为所有旅行安排所有通信。只需转到您的收件箱并单击消息线程即可阅读现有消息或发送新消息。细则：您必须登录您的 爱彼迎 帐户才能阅读或发送消息，并且在任何 24 小时内您只能发送 25 条消息（我们认为您不需要发送更多信息） ）。
存档消息,转到您的收件箱并选择要存档的消息线程 单击存档图标 要阅读存档的邮件，请从下拉菜单中选择存档的对话
发送贡献,如果您符合条件，您将收到一封邀请您发送卡片的电子邮件：单击或点击电子邮件中的发送爱心卡片。您将被带到可以选择主机的页面。只会向您显示来自您给予四星或五星评级的体验或住宿的房东。不再在 爱彼迎 上托管的房东将不会显示。接下来，选择卡片设计。要更改房东将收到的卡片的语言，请点击或单击语言选择器。主人收到卡片的语言旁边会显示一个支票。还会显示主持人的首选语言。请注意，某些卡片设计仅提供某些语言版本。然后，如果您愿意，可以向主持人添加注释。要获得关于笔记内容的想法，请在消息框中选择“显示一些示例”。然后，编写您自己的注释或编辑其中一个示例。最后，您可以选择包含财务捐款，其中 100% 的付款直接支付给房东。您可以在发送之前预览您的卡片。请注意，其他人可能会看到您的卡片和里面的信息 发送卡片后，您将收到一封包含卡片副本的确认电子邮件。如果您的付款方式失败，您还会收到一封电子邮件，通知您需要更新付款信息才能完成捐款。将卡片发送给主机后，您将无法向他们发送额外的卡片。您可能无法选择为每张卡添加财务贡献。一些房东可能由于各种原因无法接受捐款，包括居住在当地法规禁止他们接受捐款的地方。同样对于团体住宿或体验，只有通过 爱彼迎 付款的客人才能向该房东捐款。您有责任确定您的供款是否有资格获得税收减免或抵免。
帐户停职,如我们的服务条款所述，爱彼迎可以限制、暂停或停用帐户。发生这种情况时，您收件箱中被暂停人员的消息将被替换为表明他们的帐户不再有权访问爱彼迎的文本。根据情况的性质，可能会恢复暂停的用户及其消息。
保留到期,如果您的预订请求被房东拒绝或过期（房东有 24 小时的时间做出回应），则预订不收取任何费用，您可以自由预订其他住宿地点。了解有关检查预订状态的更多信息。如果您的预订请求被拒绝并且住宿列表显示它仍然可用，则房东的日历可能不是最新的，或者他们可能需要不同长度或时间的预订。
预订待处理,以下是您的预订可能处于“待处理”状态的一些原因： 当您提出预订请求并完成付款时，预订请求会自动发送给房东，房东有 24 小时的时间接受或拒绝该请求。在房东回复之前，您的预订状态将是“待定”。在此期间，您也可以联络房东批准您的请求。如果房东拒绝您的请求或未在 24 小时内回复，预订状态将更新为“已拒绝”或“已过期”，您的付款将退款至您原来的付款方式。如果您已预订住宿但尚未完成身份验证流程，有时预订会处于“待处理”状态。在这种情况下，您将在预订后的 12 小时内完成身份验证，否则预订将被自动取消。
更改预订,"您可以通过向房东提交更改请求或通过屏幕右下角弹出的表格来更改已确认的预订。
前往行程，然后单击您要更改的行程
点击更改预订
更改您的入住日期或客人人数，然后点击继续
请注意，主办方必须接受提交的任何更改。如果您的房东不接受，请尝试向他们发送消息，提醒他们查看您的更改请求。
查看您的更改，然后单击发送请求
发送请求后，主持人将收到通知以批准或拒绝您的请求
根据房东的政策，更改房客人数可能会影响您的总住宿费用。

在您提交更改请求之前，将显示原始总数和新总数。一旦主机接受，更改将被处理。

如有必要，您将被收取费用或退款，这也将在您确认更改之前显示。

如果房东拒绝您的请求或没有回应，您的预订将保持不变。
在提出更改请求时，请记住以下几点：

如果您的结帐日期已过，则无法进行更改
进行更改后，以后的任何更改都必须通过上述过程作为新请求
如果房东在您请求更改之前更改了新日期的定价，您的新预订将反映此定价，除非您预订了特别优惠
更改预订日期可能会影响您是否仍有资格享受每周或每月折扣价
预订开始后，您将无法更改客人数量
如果您确实需要在您的预订中添加更多客人，请使用解决中心处理您和房东同意的任何额外付款

如果您是客人，您可以查看确认电子邮件以了解更多详细信息。

如果您更改或取消更长时间的住宿：

您的第一笔付款可能无法退还，具体取决于房源和预订时间
如果您在旅行开始后取消，则以下 30 晚的预订不予退款
您的房东可以选择提供额外退款"
移除行程变更请求,转至旅行并单击要更改的旅行 在待更改的更改下，单击查看 单击取消 要检查您的预订状态，请转至旅行，单击或点击显示更多旅行计划，然后单击显示详细信息。您还可以查看您的收件箱中来自您的主机的消息。
检查行程变更请求状态,提出预订更改请求后，您可以通过您的行程查看状态。找到您想要的旅行，然后单击或点击显示更多旅行计划，然后显示详细信息。您还可以查看您的收件箱中来自您的主机的消息。
添加或删除客人,前往旅行，在即将到来的情况下，选择您要更改的旅行 在预订详情下，单击管理客人 添加或删除客人，然后单击继续 查看您的更改和任何价格差异，然后单击发送请求 一旦房东同意您的更改，他们'将自动应用。注意：如果您预订了行程并需要取消，则不能将预订转让给其他人——您需要取消预订并要求其他客人重新预订。
分享行程,前往旅行并选择您要分享的旅行 在谁来下，单击管理客人 通过向他们发送邀请来添加共同旅行者 请注意，共享链接将在 1 周后过期。您可以通过电子邮件与没有爱彼迎账户的任何人分享您的行程详情。
延长逗留,如果您的预订已结束，那么提出更改请求为时已晚。但是，您可以做的是向您的房东发送新的旅行请求。如果您仍在旅途中，您可以给房东发消息，询问他们是否可以延长逗留时间，或者您可以简单地向他们发送变更请求。前往旅行，然后单击您要更改的旅行 单击更改预订 更改您的住宿日期或客人人数，然后单击继续 请注意，房东必须接受提交的任何更改。如果您的房东不接受，请尝试向他们发送消息，提醒他们查看您的更改请求。查看您的更改，然后单击发送请求 发送请求后，房东将收到批准或拒绝您的请求的通知 如果您的房东接受您的更改请求，您的预订将被更新，您将被收取额外时间的费用。如果您的房东无法延长您的住宿时间或他们没有回复，您的退房日期将保持不变。
重新安排体验,转到旅行并单击您要更改的体验 单击更改或取消 在更改日期或时间下，单击下一步 查找新的日期或时间，然后单击选择 单击确认更改 如果选项不适合您，您可以请求预订不在房东日历上的日期或时间，或者您可以取消预订。
主机报价,有时，如果您想要的房源不可用，房东可能会为您提供替代房源——您是否愿意接受或拒绝它完全取决于您。如果您还没有确认预订，并且房东为您提供了与您讨论的不同的房源，您可以预订他们建议的住宿或只是寻找一个新的地方。在确认之前，请确保房东建议的替代方案适用于您的旅行。如果您的房东要求您入住与您最初预订的房源不同的房源，并且您同意更换房源，您或您的房东都可以更改预订。如果您不想更改预订，或者您的房东要求您在未正式更改 爱彼迎 预订的情况下进行转换，请要求房东取消您的预订，以便您获得全额退款或寻找其他住宿地点。如果您已经登记入住并且您认为房源不是您在我们网站上预订的房源，请告知我们，我们的宾客退款政策将确保您获得预订的房源或退款。
拒绝更改,想知道您是否可以对已确认预订的更改提议说不？答案是肯定的！客人和房东都可以拒绝行程变更请求。如果您拒绝，建议的更改不会生效，现有的预订详细信息保持不变。拒绝不会受到处罚，但如果您是房东，则在回复房客的行程变更请求时需要考虑一些问题。
取消情形,不用担心。如果您因为紧急或不可避免的情况需要取消预订，我们可以提供帮助： 我们的特殊情况政策在以下情况下承保： 政府旅行要求的变化。政府机构对签证或护照要求的意外更改阻止了前往目的地的旅行。这不包括丢失或过期的旅行证件或与客人旅行授权相关的其他个人情况。宣布紧急情况和流行病。政府宣布地方或国家紧急情况、流行病、流行病和公共卫生紧急情况。这不包括地方病或通常与某个地区相关的疾病——例如泰国的疟疾或夏威夷的登革热。政府旅行限制。政府机构施加的旅行限制，阻止或禁止前往、停留或返回列表地点。这不包括不具约束力的旅行建议和类似的政府指导。军事行动和其他敌对行动。战争行为、敌对行动、入侵、内战、恐怖主义、爆炸、爆炸、叛乱、骚乱、起义、内乱和内乱。自然灾害。自然灾害、不可抗力、基本公用设施的大规模停电、火山爆发、海啸以及其他恶劣和异常的天气事件。这不包括在该地区可以预见的足够普遍的天气或自然条件，例如佛罗里达州飓风季节发生的飓风。 1. 确保您有任何所需的文件 2. 选择我有特殊情况取消您的住宿或爱彼迎体验 3. 联络我们提出索赔，我们将引导您完成接下来的步骤，其中包括提交任何所需文件并等待我们的团队审核您的案例 重要提示：索赔必须在取消后 14 天内提交。
取消选项,如果您的预订是在 2022 年 5 月 31 日或之后进行的，并且 COVID-19 影响了您的旅行计划，则将适用房东的取消政策。我们的特殊情况政策不涵盖因 COVID-19 取消这些预订，但在韩国国内预订的客人或房东感染了 COVID-19 的情况除外。
重新预订取消的预订,虽然取消的预订无法恢复，但您可以联络房东重新预订。向房东发送消息，并确保您在重新预订前达成协议。他们会向您发送带有特定商定预订详细信息的特别优惠。您将有 24 小时的时间接受特别优惠。前往旅行并单击已取消选择您要再次预订的预订 单击消息主机 如果您没有获得原始取消预订的全额退款，您可以在重新预订后联络我们申请全额退款。
取消冒险,爱彼迎 Adventures 与体验的不同之处在于它们需要多天进行，并且可以包括过夜，因此取消政策略有不同。如果您在冒险计划开始前至少 30 天或购买后 24 小时内取消，您可以获得任何冒险的全额退款。够简单！
主机取消保留,发生取消时，您会收到一封电子邮件，其中包含完整的详细信息，包括您的退款信息。退款时间可能因您的付款方式而异。如果您在入住后 30 天内取消预订，我们还可以协助重新预订类似或更好的房源。
主机取消,"有时房东无法容纳您的住宿，并且在大多数情况下会提前让您知道坏消息。不要为他们取消 - 向他们发送取消请求，这样您就不会错过获得最佳退款的机会，或者您可以填写屏幕右下角弹出的表格。
前往行程并点击您要取消的行程
点击显示行程详情
单击更改或取消
点击取消预订
在请选择原因下，选择我的主机需要取消
旁边 他们说他们不能再接待你了吗？选择是
单击询问主机取消
房东有 48 小时的时间做出回应。但是，如果您的旅行在一周内开始，他们必须在 24 小时内做出回应。如果他们接受您的请求或不回复，您将获得全额退款。如果他们拒绝，他们应该仍然能够接待您的住宿。

如果您的房东已经取消预订，您的全额退款即将到来。"
房东取消体验,有时，由于天气恶劣和安全问题，房东可能需要在体验之前或体验期间取消。如果发生这种情况，您将获得全额退款，并且您可以根据需要重新预订体验。房东可能取消的另一个原因是，如果他们要求您作为主要客人提供身份证件，但在预订后 3 天内未收到身份证件。同样，如果预订被取消，您将获得退款。
入住顺利,查找您的预订详细信息 转到您的旅行页面以查找重要信息，例如地址、房东的联络信息和您的账单收据。入住信息通常在预订开始前 3 天提供。与您的房东沟通 在您抵达日期之前，向您的房东发送消息以确认： 入住和退房时间 抵达详情 钥匙交换或其他访问方式 联络信息以及您是否在旅途中无法使用电话或互联网 任何您可能有的其他问题 抵达时 亲自交换钥匙 一些房东可能想亲自迎接您，给您钥匙或他们住处的进入密码。如果是这样，请查看旅行建议，以便在发生航班延误、恶劣天气或道路封闭等情况时有额外的时间见面。其他登记入住方式 其他选择包括： 自助登记入住 带有输入说明的短信 将钥匙留在保险箱中 让邻居、房东或门卫会见客人
入住说明,前往旅行并单击显示更多旅行计划 单击显示详细信息 前往入住和退房以获取入住说明 请务必查看您的电子邮件和消息以获取入住说明。如果距离您的预订不到 48 小时，并且您的入住信息不可用，那么是时候向房东发送信息以获取信息了。
入住问题,"给房东留言

发送退款请求或通过屏幕右下角刚刚弹出的表格发送。
以下是准备方法：
收集证据：如果可能，拍摄照片或视频以记录诸如设施丢失或损坏等问题。
提交您的请求：您将描述问题，提供照片或视频（如果可以），并让房东知道您希望如何解决问题。
等待回复：如果您的房东拒绝或没有回复，您可以要求 爱彼迎 介入以提供帮助。爱彼迎将参考重新预订和退款政策来确定我们可以提供哪些帮助。

涉及爱彼迎
虽然我们总是希望主人和客人尽可能直接解决问题，但我们知道这并不总是可能的。如果出现您无法与房东解决的问题（或房东拒绝或未回复您的退款请求），请告知我们，我们团队的人员将介入以提供帮助。

如果我们发现问题受 AirCover 保护，我们将为您提供全额或部分退款，或者根据具体情况为您寻找类似或更好的住宿地点。

请记住，自发现问题之日起，您有 72 小时的时间向我们报告任何问题。"
预订详情打印,前往旅行并选择您要打印详细信息的旅行 单击显示详细信息 在预订详细信息下，单击打印详细信息
冒险级别,这些定义是与探险旅行贸易协会 (ATTA) 合作创建的： 轻：客人应该能够长时间坐着、站着或走路。活动可能包括轻松的徒步旅行、徒步旅行、野生动物之旅以及烹饪或艺术课程。任何更费力的活动都是可选的。中度：客人应该能够舒适地参加多个小时的体育活动（3 小时以上）。活动可能包括长途徒步旅行、骑自行车、皮划艇、浮潜以及骑马或骑骆驼。剧烈运动：客人应该能够舒适地参加可能会持续一整天（6 小时以上）的高强度体力活动，并且建议有过去参加过所包含活动的体验。全天活动可能包括长途徒步旅行、骑自行车和皮划艇等活动。冒险还可能包括更高的海拔、陡峭的上升/下降、强大的水流以及更崎岖的地形或水域。极限：这些冒险对体力要求最高，因此强烈建议您有体验或相关培训。活动极具挑战性，可能会持续一整天（8 小时以上）。全天活动可能包括剧烈的徒步旅行、在不平坦的地形上骑自行车和激烈的攀岩。冒险还可能包括更高的海拔、陡峭的上升/下降、强大的水流以及更崎岖的地形或水域。
EA_提示,带给您什么体验 这里有一些材料可以考虑用于各种体育活动。水或电解质运动饮料 急救箱 冰袋 血压/心脏压力监测器 您所在国家/地区的急救应用程序 您所在国家/地区的危险应用程序 活动前 以下是您参加体育活动前的一些建议： 前一天晚上适当睡眠（6-8 小时）活动 避免饮酒或服用任何可能影响您的心率和意识的物质 活动前吃一顿健康的膳食（例如：水果、蛋白质和碳水化合物），避免食用可能刺激胃部的油脂和香料 询问主人从时间、距离、海拔和努力方面来看，活动的难度级别是什么——在报名参加活动之前，请注意您的年龄和身体状况 检查预测并使用合适的衣服和鞋子 确定紧急情况下最近的医疗中心 活动期间的提示 在活动期间，检查您的健康状况很重要。以下是一些建议的提示： 在开始体育活动之前，热身并伸展身体至少 10 分钟 几分钟前检查血压和呼吸频率 手边有大量的水或电解质运动饮料——不建议一直喝液体，只有在感到口渴时才使用防晒霜，戴上帽子，并尽可能站在阴凉处保护自己免受阳光照射家人或朋友（有时在手机上访问紧急联络电话需要更多时间） 注意周围环境并妥善保管您的财物 在户外活动中，通过移动应用程序、设备或 GPS 发射器分享您的位置——在某些地区，移动网络可能效率低下，因此我们建议与您的房东以及未参加活动的亲戚或朋友分享您的位置活动 体力活动结束后，人体需要一个降温阶段。以下是一些恢复技巧： 喝水或电解质运动饮料，直到感到满意 吃能提供能量的健康食物，如水果、坚果、杏仁和蛋白质棒 身体任何部位的疼痛都可能是肌肉酸痛——如果疼痛持续存在，建议咨询医生 头痛可能是脱水的迹象，这意味着喝水或电解质运动饮料很重要
EA_疏散,国际 SOS 提供的支持 国际 SOS 将帮助为体验和冒险的客人提供医疗必要的疏散，并将提供有关全球医疗保健的专家建议，以确保客人获得最合适的医疗服务。如有医疗需要，国际 SOS 将为医疗后送的端到端流程提供建议和管理。国际 SOS 和紧急服务 国际 SOS 并非旨在替代当地紧急服务。如有任何疑问，应在联络国际 SOS 之前联络当地紧急服务部门。应急计划我们建议所有参与体验的客人和主人准备应急计划，以防自然灾害或体验期间可能发生的任何其他紧急情况。了解有关制定应急计划的更多信息。
体验海洋,对于包括动物在内的爱彼迎体验和冒险活动，爱彼迎与世界动物保护组织合作提供指南和文章，旨在促进野外和圈养野生动物以及人类照料的驯养动物的安全。以下是在参加潜水和浮潜等海洋活动时保护海洋生物的一些最佳做法： 不要接近或故意触摸动物。负责任的旅游经营者会提醒客人不要喂养或宠物好奇的水生生物。你在他们的空间里，他们是野生动物，所以他们应该是来找你的。当人们（尤其是大群人）靠得太近时，海龟和鲸鱼等海洋动物会感到压力。被追逐或感到受到威胁的野生动物可能会在试图逃跑时咬伤或伤害自己。给他们空间，如果他们选择来找你，请保持冷静。不要引诱动物。虽然喂养动物似乎是一种让它们更接近你的诱人方式，但应该让动物自己寻找食物，这样它们就可以继续它们的自然行为，而不会依赖人类获取食物。通过喂鱼或其他海洋生物，您也可能导致它们生病。不要将动物带出海洋。海星等动物不是纪念品。无论是活的还是死的，这些动物都为其他生物提供食物，去除它们也可以让入侵物种茁壮成长。一般来说，远离珊瑚礁。意外受损的珊瑚礁可能需要数年时间才能自行修复。这些珊瑚礁是海洋生物的家园，海洋生物依靠它们获得食物和住所。不要将珊瑚礁的任何部分从结构上移出海洋，如果使用防晒霜，请在涂抹后等待 30 分钟，以确保它被皮肤吸收。防晒霜通过漂白珊瑚是珊瑚礁的最大杀手之一，它也可能对以珊瑚礁为家的动物有毒。使用珊瑚安全和动物安全的防晒霜保护自己。违反我们准则的行为如果您遇到违反动物福利准则的爱彼迎体验、威胁房东或客人的安全、或危及动物福利和/或保护的风险，请联络我们。如果适用，记下日期、时间和地点，以及涉及的动物类型。如果我们得知爱彼迎体验和/或房东违反了我们的平台政策、社区标准或服务条款，我们会在必要时采取措施，包括从我们的社区中永久移除。我们不断审查和修改我们的平台政策和保护措施，以使我们的社区更安全、质量更高。
体验动物,对于包括动物在内的爱彼迎体验和冒险活动，爱彼迎与世界动物保护组织合作提供指南和文章，旨在促进野外和圈养野生动物以及人类照料的驯养动物的安全。许多文化依靠工作的马（如马或驴）从一个地方到另一个地方，但重要的是要注意可能正在受苦的动物。不得将它们用于娱乐，包括赛马、马球或牛仔竞技表演等体育赛事，或用于在拥挤的城市乘坐马车。虽然最好步行观察大自然，但如果您在 爱彼迎 体验中骑马或骑驴，请注意营养不良和虐待的迹象。与家畜互动时，应遵循“五自由”。它们是： 免于饥饿或口渴，获得淡水和适当的饮食以保持完全健康 通过提供适当的环境（包括庇护所和舒适的休息区）免于不适 通过尊重地对待动物并提供及时获得兽医护理 通过提供足够的空间、适当的设施和允许与动物同种动物陪伴来表达正常行为的自由 通过确保避免精神痛苦的条件和治疗来摆脱恐惧和痛苦 如果您目睹或参与与工作有关的活动马，请考虑以下几点： 必须认真对待工作的马，并给予适当的庇护、锻炼、兽医护理（包括蹄部护理）以及适合其生理和行为需要的食物和水。马和驴每天工作不超过6小时，每周至少有2天非工作日。马或驴的重量不应超过其体重的 20%，小型驴最多 50 公斤（110 磅），大型成熟驴最多 100 公斤（220 磅）。如果动物怀孕、生病或有开放性伤口和疮，则不应骑乘动物。母马在分娩后至少 3 个月内不应工作。动物不应在极端天气条件下工作，包括过热或冰冻温度，并应注意周围环境。所有工作的动物都应该有容易获得的食物和水以及足够的休息时间。违反我们指南的行为如果您遇到违反动物福利指南的体验、威胁我们房东或客人的安全、或危及动物福利和/或保护的风险，或者如果您在体验爱彼迎体验时目睹动物遭受痛苦或冒险，请联络我们。如果适用，请记下日期、时间和地点，以及参与体验的动物类型。如果我们得知某体验和/或主机违反了我们的平台政策、社区标准或服务条款，我们会在必要时采取措施，包括从我们的社区中永久移除。我们不断审查和修改我们的平台政策和保护措施，以使我们的社区更安全、质量更高。
损害赔偿,事故很少见，但它们会发生。如果您、您邀请的人或宠物对入住期间的损坏负责，请立即通知您的房东。最好的方法是通过 爱彼迎 网站或应用程序向他们发送消息，以防我们的社区支持团队稍后需要参考。如果你能提供照片，那也很好。提前了解损坏可以让您的房东有尽可能多的时间在下一位客人到达之前修复它。它还让你们两个有机会在没有 爱彼迎 参与的情况下找到解决方案。关于报销流程 1. 您的房东可能会要求报销 如果房东认为您应对损坏、物品丢失或意外清洁费用负责，他们可能会通过我们的调解中心向您发送报销请求。您将有 24 小时的时间做出回应。如果您支付全额费用，请求将被关闭。如果您支付部分金额、拒绝请求或忽略请求，您的房东可能会在下一步涉及爱彼迎。 2. 您的房东可能涉及 爱彼迎 如果您的房东涉及 爱彼迎，我们社区支持团队的成员将确定您是否对损坏负责，以及您的房东要求的金额是否合理。他们将通过审查您的房东提供的证据以及您在对房东的请求的初始回复中包含的任何注释来做到这一点。有人也可能会跟进您或其他可能了解房东的损害索赔信息的人。 3. 爱彼迎 可能会要求您付款 您将有机会自愿提交及时付款或上诉。如果您没有及时提交付款或上诉，或者您的上诉不成功，我们将通过您的付款方式收取费用。 （这不适用于在中国、日本或印度的逗留。）在没有提前通知或在您被指控之前和之后有机会上诉的情况下，您永远不会被指控。在您被起诉后，您将有 60 天的时间提出上诉。处理损坏从来都不是一件有趣的事情，但这个过程旨在尽可能公平。
预定不见,房东可以随时选择从搜索结果中隐藏他们的房源，通常是为了防止新的预订。在您的预订得到确认之前，我们鼓励房东尽快确认预订。但是，如果您发送了旅行请求并且列表现在已隐藏，您可以联络房东以了解是否有问题。确认后，如果您的行程已确认，即使您的房东隐藏了该列表，它仍然有效。要查找您的行程，请前往行程并在即将到来的下方选择您的行程。然后单击或点击显示更多旅行计划。您和您的房东仍然可以通过爱彼迎发送消息，以确认有关入住、退房和任何其他信息的详细信息。
体验确认,当您预订爱彼迎体验时，我们将通过电子邮件向您发送预订确认。找不到它？尝试检查您的垃圾邮件文件夹。您还可以通过在我们的网站或应用程序上访问您的旅行来找到您的行程。
预订多次旅行,如果您有一个预订结束，另一个预订在 4 天内开始，并且位置相距不远，我们将它们捆绑在一次旅行中。例如，您可能有两个即将到来的预订 - 一个是 5 月 1 日在 Tulum，另一个是 5 月 3 日在 Playa del Carmen。因为它们之间只有一个小时的车程，所以两个预订将出现在 Trips 中的同一行程下。
保留客人名,前往旅行并选择您要更新的预订点击管理客人，输入您的其他客人的姓名，然后点击下一步点击保存
爱彼迎 外面付款,有些人可能会建议您在 Facebook Messenger、短信或 爱彼迎 以外的其他地方聊天。但如果您这样做，您将失去我们的取消和退款政策、房东损害保护、房东责任保险、服务条款、付款服务条款和其他保障措施的保护。离开还会使我们更难保护您的信息，并使您面临更大的欺诈和其他安全问题（例如网络钓鱼）的风险。通过 爱彼迎 向房东付款 如果您通过电汇或银行转账付款，则可能是欺诈性预订。如需帮助，请立即告知我们。您可以随时查看您的预订是否是通过 爱彼迎 预订的。我们保护您和爱彼迎社区我们尽最大努力通过查看爱彼迎平台上的消息来确保您的安全。我们将阻止包含可能包含联络信息或对其他网站的引用（包括外部链接）的字词或数字的潜在危险邮件。你可以帮忙。如果您收到可疑邮件，请通过报告或在收件箱中标记来告知我们。
解决中心,"需要为与您的爱彼迎旅行或爱彼迎体验相关的事情汇款或收款？没问题！在聊天机器人中输入您的输入时，屏幕右下角会弹出一个表单，供您填写您的请求，甚至单击命令按钮。

在预订的结账日期后，您有最多 60 天的时间提交调解中心请求。

需要注意的一件事：在通过调解中心汇款或收款之前，您可能需要添加付款方式。"
付款计划,想现在旅行并在以后支付其余的费用吗？听起来不错。哪些住宿符合付款计划 如果您的预订满足以下条件，您将在结帐时找到付款计划选项：您使用信用卡、借记卡、PayPal、Apple Pay、Google Pay 或 爱彼迎 积分付款。您使用印度卢比 (INR) 以外的货币付款。如果您使用巴西雷亚尔 (BRL) 付款，请阅读更多信息。预订的总价值为 50 美元或更多，包括税费，减去任何积分或优惠券。您的预订开始日期至少是未来 14 天（您需要提前多长时间预订取决于房源的取消政策）。预订不是 28 晚或以上的长期住宿。您不是在进行 爱彼迎 for Work 预订。跟踪付款一旦确认，您将支付部分预订费用，未来的付款将在结帐时列出的日期自动收取。您的电子邮件收据将包含有关即将付款的信息。我们还将在每次收费前 3 天发送一封电子邮件提醒，以及一个用于管理您的付款设置的链接，以便您可以编辑您的付款方式或根据需要提前付款。取消 如果您取消，或无法在到期日之前完成下一次付款，您将根据预订的取消政策收到退款。例如：假设您根据列表的严格取消政策及时取消以获得 50% 的退款。如果到目前为止仅支付了 50% 的预订费用，则不会退款，也不会收取剩余 50% 的费用。优惠券、积分和礼品卡 如果您在结账时选择付款计划，在计算付款计划金额之前，将首先应用爱彼迎积分、优惠券或礼品卡。优惠券、积分或礼品卡不能用于第二次付款或任何未来的付款。例如：假设您预订了总计 200 美元的旅行，并且您的帐户中有 50 美元的礼品积分：结账时，您可以选择申请最多 50 美元的礼品卡积分 如果您选择使用全部 50 美元的礼品积分，您可以选择在结账时支付 75 美元，并在以后支付 75 美元以支付剩余的 150 美元余额 您还需要另一种付款方式作为备用 - 例如，在文件中的信用卡或借记卡要自动收取第二笔付款，即使您有剩余或新获得的 爱彼迎 积分，您在结帐时选择的备用付款方式（例如，您选择的信用卡或借记卡，除了使用积分或优惠券付款）也将收取 75 美元在您的帐户上。
付款_更多,不用担心：所有定价信息都包含在您预订时——但在某些情况下您可能会在付款后欠更多： 您更改预订（例如：您添加了另一位客人） 您的房东提交 AirCover for Hosts 请求损坏在您入住 爱彼迎 期间发生的事情 您的房东要求在登记入住时缴纳税款——这应在预订前在房源中明确说明 您预订的地方，通常是酒店，在登记入住时或 48 小时内收取额外费用结账时间——这些也必须在预订前在房源和您的价格明细中说明 何时提出争议 如果房东试图就房源、价格明细或他们的消息线程中未说明的东西向您收费，您可以在调解中心提出异议。如何付款 如果您同意收费，请始终通过调解中心向房东付款，切勿直接付款。请务必将所有付款交易保存在爱彼迎上——否则，我们无法帮助解决与场外付款或现金付款相关的问题。
旅行请求被拒绝,如果您的旅行请求过期或被房东拒绝，则无需支付预订费或 爱彼迎 服务费。但是，根据您的付款方式，您可能会找到临时授权（“保留”）或退款。如果您的付款方式获得授权 某些付款方式和地点要求在您提出请求时获得全额预订授权。如果被接受，授权将成为实际扣除的费用 如果被拒绝或过期，授权将消失或显示为退款 - 这可能需要长达 7 个工作日，具体取决于您的银行 如果您的付款方式被收取某些付款方式或地点要求在您提出旅行请求时收取全额预订费用。如果被接受，费用仍然存在，并且您的预订得到确认如果被拒绝或过期，您将自动获得退款——这可能需要长达 10 天，具体取决于您的银行
付款长期,打算逗留一段时间？极好的。以下是 28 晚或以上预订的付款方式： 第一个月的首付：您需要预先支付这笔费用，但我们会在入住后 24 小时内将其发放给房东 每月分期付款：我们'将在您入住后大约 1 个月以相同的付款方式收取您的第二次付款，之后每月在您的预订期间收取您的每月价格在预订开始时锁定，您可以跟踪您的付款并找到您的帐单收据上的总费用。
取消长期,长期取消政策将自动适用于 28 晚或以上的所有预订，通常需要提前 30 天通知。
分期付款,虽然这不是必需的，但您始终可以选择提前支付即将到来的每月分期付款，只要在付款到期前 7 天内即可。例如，如果您的付款应在 7 月 11 日到期，那么您最早可以在 UTC 时间 7 月 4 日凌晨 12 点付款。要了解付款到期时间： 前往旅行并选择您想要的预订 单击显示详细信息 在预订详细信息下，单击获取收据并管理付款 前往预定付款并查找付款日期
付款验证,添加完付款方式后，我们可能会向您发送一条消息，告知您需要通过提交信用卡或借记卡对帐单进行验证。需要最近的声明吗？尝试通过发卡机构的网站或移动应用程序下载。您的帐单可以上传为 PDF 或照片文件。如果您有纸质结单，请拍下包含您的姓名和帐户信息的第一页的照片。如果您的陈述是数字形式，请截取屏幕截图，包括相同的信息。屏蔽账户余额和交易——我们只需要显示帐号的最后四位数字即可。我们将在提交后 24 小时内通过电子邮件通知您是否可以在 爱彼迎 上使用信用卡或借记卡。
小费,对出色工作的认可总是值得赞赏的，无论是好的评论还是小费。房客通常会因为深入的评论而选择体验，所以如果您分享您的想法，您将帮助整个 爱彼迎 社区。关于小费的文化偏好各不相同，因此请在旅行前进行研究。
支付方式,大多数国家/地区提供的支付方式 Visa、MasterCard、Amex、JCB 和可作为信用卡处理的借记卡 Apple Pay Google Pay PayPal 某些国家/地区提供的支付方式 Brazil Aura for Brazil Elo for Brazil Hipercard for Brazil China 中国大陆支付宝微信支付 中国大陆 印度 PayU 印度 意大利 Postepay 意大利 德国 Sofort Überweisung 德国 荷兰 iDEAL 荷兰 美国 Discover 离线或现金支付违反我们的服务条款，并可能导致从爱彼迎删除。场外付款使我们更难保护您的信息，并使您面临更大的欺诈和其他安全问题的风险。
付款编辑,转至行程并选择您要更改的行程 在您预订的内容下，选择您的预订 在付款详情下，点击获取收据并管理付款 在您的付款详情中，转至预定付款并选择更新付款详情 更新您的付款方式并选择您要付款的时间 点击提交
付款删除,转到帐户设置 > 付款和付款 在付款方式旁边，单击三个点图标 单击删除
付款添加,转到帐户设置 > 付款和付款 点击添加付款方式
付款默认,转到帐户设置 > 付款方式 在付款方式旁边，单击三个点图标 单击设置默认值
报告消息,转到您的收件箱并单击与可疑消息的对话 单击消息中的标记图标 选择您举报此人的原因并回答以下问题
房东爱彼迎之外付款,有时，房东可能会使用爱彼迎以外的付款方式直接向房客收取某些授权费用和税款。这些费用必须在房源描述中详细说明，并在预订前包含在价格明细中，通常在入住前、入住时或退房后 48 小时内收取。附加费用： 押金：使用连接 API 的软件管理房源的房东可以使用我们的离线费用功能设置押金。了解更多关于保证金的信息。度假费：这些可能包括 网络 或代客泊车等设施。杂费：这可能包括机场班车或停车费。当地占用税：在某些地区，法律要求房东亲自收取。详细了解税收对客人的作用。
多种付款方式,让我们保持简单。除非您有爱彼迎积分或优惠券可供使用，否则您无法将爱彼迎住宿或体验的总费用分摊到多种付款方式中。这意味着，您不能使用两张不同的信用卡付款。
付款确认,转到付款方式 查看那里列出的付款选项 如果需要确认卡，请选择确认卡 按照步骤确认卡 请记住，您的卡需要得到确认，然后才能完成正在进行的预订或进行任何其他新的预订。任何现有的预订都不会受到影响。
付款货币,爱彼迎支持多种不同的货币，让您在接待或入住我们时更加灵活。输入付款信息时选择使用首选货币付款，或随时更改默认货币。根据您的付款方式，某些货币可能不可用。货币换算 爱彼迎 以您选择的货币显示价格。如果您在预订时更改货币，价格将自动更新为新货币。当您准备好完成预订时，结帐页面也会显示新货币。第三方费用 如果您选择使用与您的默认付款方式不匹配的货币，您的银行或信用卡公司可能会对您的付款收取货币兑换费。 爱彼迎 不对这些费用负责，因此请联络您的银行或信用卡公司以了解更多信息。跨境费用 如果您的银行对帐单上出现额外费用，或者收取的金额与爱彼迎结帐页面上显示的金额不同，这可能是原因：如果您的银行或信用卡公司将爱彼迎的处理实体归类为国际，它可能会收取费用跨境费用——即使费用是以您的付款方式的标准货币处理的。 爱彼迎 无法管理也无法退款这些费用，因此请联络您的银行或信用卡公司以了解更多信息。
Paypal付款,根据您使用的支付货币，PayPal 可能可以作为一种支付方式。如果 PayPal 可用，您将能够在结帐页面上选择它。如果您没有看到 PayPal 选项，则需要切换到符合条件的货币或选择其他付款方式。选择 PayPal 作为付款方式后，将弹出一个新的浏览器窗口，您将被带到 PayPal 网站上的登录屏幕： 登录到您的 PayPal 帐户 选择您关联的一种付款方式（例如：信用卡卡或银行账户）在选择支付方式下点击继续 确认支付方式，阅读 PayPal 的政策，然后点击同意并继续 您将被带回 爱彼迎 的结帐页面，您可以在其中确认并支付您的 爱彼迎 预订。一旦 PayPal 授权全额支付预订费用，您的预订请求将被发送（或您的 Instant Book 预订将被确认）。只有在您的预订得到确认后才会向您收费。如果您的预订请求被取消、拒绝或过期，则 PayPal 授权将失效，您无需支付任何费用。您可能需要将银行账户或信用卡与您的 PayPal 账户相关联，才能完成您的爱彼迎预订。仅当您的主要方法未通过时，才会使用此备用付款来源。 PayPal 网站提供了有关选择首选付款方式的更多信息。
PayU 付款,根据您使用的支付货币，PayPal 可能可以作为一种支付方式。如果 PayPal 可用，您将能够在结帐页面上选择它。如果您没有看到 PayPal 选项，则需要切换到符合条件的货币或选择其他付款方式。选择 PayPal 作为付款方式后，将弹出一个新的浏览器窗口，您将被带到 PayPal 网站上的登录屏幕： 登录到您的 PayPal 帐户 选择您关联的一种付款方式（例如：信用卡卡或银行账户）在选择支付方式下点击继续 确认支付方式，阅读 PayPal 的政策，然后点击同意并继续 您将被带回 爱彼迎 的结帐页面，您可以在其中确认并支付您的 爱彼迎 预订。一旦 PayPal 授权全额支付预订费用，您的预订请求将被发送（或您的 Instant Book 预订将被确认）。只有在您的预订得到确认后才会向您收费。如果您的预订请求被取消、拒绝或过期，则 PayPal 授权将失效，您无需支付任何费用。您可能需要将银行账户或信用卡与您的 PayPal 账户相关联，才能完成您的爱彼迎预订。仅当您的主要方法未通过时，才会使用此备用付款来源。 PayPal 网站提供了有关选择首选付款方式的更多信息。
支付宝付款,根据您使用的支付货币，PayPal 可能可以作为一种支付方式。如果 PayPal 可用，您将能够在结帐页面上选择它。如果您没有看到 PayPal 选项，则需要切换到符合条件的货币或选择其他付款方式。选择 PayPal 作为付款方式后，将弹出一个新的浏览器窗口，您将被带到 PayPal 网站上的登录屏幕： 登录到您的 PayPal 帐户 选择您关联的一种付款方式（例如：信用卡卡或银行账户）在选择支付方式下点击继续 确认支付方式，阅读 PayPal 的政策，然后点击同意并继续 您将被带回 爱彼迎 的结帐页面，您可以在其中确认并支付您的 爱彼迎 预订。一旦 PayPal 授权全额支付预订费用，您的预订请求将被发送（或您的 Instant Book 预订将被确认）。只有在您的预订得到确认后才会向您收费。如果您的预订请求被取消、拒绝或过期，则 PayPal 授权将失效，您无需支付任何费用。您可能需要将银行账户或信用卡与您的 PayPal 账户相关联，才能完成您的爱彼迎预订。仅当您的主要方法未通过时，才会使用此备用付款来源。 PayPal 网站提供了有关选择首选付款方式的更多信息。
Sofort Überweisung 付款,根据您使用的支付货币，PayPal 可能可以作为一种支付方式。如果 PayPal 可用，您将能够在结帐页面上选择它。如果您没有看到 PayPal 选项，则需要切换到符合条件的货币或选择其他付款方式。选择 PayPal 作为付款方式后，将弹出一个新的浏览器窗口，您将被带到 PayPal 网站上的登录屏幕： 登录到您的 PayPal 帐户 选择您关联的一种付款方式（例如：信用卡卡或银行账户）在选择支付方式下点击继续 确认支付方式，阅读 PayPal 的政策，然后点击同意并继续 您将被带回 爱彼迎 的结帐页面，您可以在其中确认并支付您的 爱彼迎 预订。一旦 PayPal 授权全额支付预订费用，您的预订请求将被发送（或您的 Instant Book 预订将被确认）。只有在您的预订得到确认后才会向您收费。如果您的预订请求被取消、拒绝或过期，则 PayPal 授权将失效，您无需支付任何费用。您可能需要将银行账户或信用卡与您的 PayPal 账户相关联，才能完成您的爱彼迎预订。仅当您的主要方法未通过时，才会使用此备用付款来源。 PayPal 网站提供了有关选择首选付款方式的更多信息。
付款失败,你的交易没有通过吗？发生这种情况的原因有很多，包括： 您的信用卡或借记卡已过期 您已超出银行或信用卡公司设置的每日提款或购买限额 您输入的帐单地址和电话号码与与您的信用卡或借记卡相关的帐单地址和电话号码 欺诈预防 您的信用卡或借记卡没有足够的资金来进行付款 请联络您的银行或信用卡公司以获取更多信息。
卡被拒绝,信用卡可能因多种原因被拒绝。 爱彼迎 通常不会被告知具体原因。常见问题 检查您输入的信用卡号和账单地址是否正确，您的卡是否有可用资金，以及您的卡是否未过期。联络您的银行或发卡机构 如果您在尝试付款时遇到错误，我们建议您联络您的银行或信用卡公司以获取更多信息。告知他们金额以及何时尝试收费，以便他们可以让交易通过。如果您的银行或发卡机构无法提供帮助，您可能需要尝试其他付款方式。
两次费用,如果您的付款方式获得授权 某些付款方式或地点要求在您提出请求时获得全额预订授权。如果您的预订被接受，授权将变为真实收费，金额将从您的支付账户中扣除。如果预订请求被拒绝或过期，您将看到授权完全消失或在您的付款帐户中显示为退款。根据您银行的处理时间，授权的解除可能需要长达 7 个工作日。如果向您的付款方式收费 某些付款方式或地点要求在您提出请求时收取全额预订费用。如果您的预订请求被接受，费用仍然存在并且您的预订得到确认。如果预订请求被拒绝或过期，您将立即自动获得退款。根据您银行的处理时间，退款最多可能需要 10 个日历日的处理时间。
暂扣付款,当您提交预订请求时，我们可能会暂停您的付款方式，称为授权，用于全额预订。如果您的预订被接受，授权将变为真实收费，金额将从您的支付账户中扣除。如果您的请求被拒绝或过期，授权将消失或在您的付款帐户中显示为退款。根据您银行的处理时间，授权的解除可能需要长达 7 个工作日。
争议,当有人与他们的银行对收费提出异议时，就会启动一个称为退款的争议流程。什么是退单？拒付是消费者与其银行发起的正式付款纠纷。当某人注意到他们认为是未经授权、不正确或意外的扣款时，他们通常会提出退单。如果您提出了退款申请，则需要联络您的银行，以了解有关其特定流程如何运作的更多详细信息。一旦提出拒付并且争议程序开始，会发生什么？一旦提出拒付，银行最多可能需要 90 天的时间来解决它。您可以通过与您的银行合作来检查此过程的状态或取消它。在退款流程进行期间，您的银行可能会暂时将有争议的金额存入您的账户——请务必注意，该金额直接来自您的银行，而不是爱彼迎。如果确定 爱彼迎 的收费是有效的，那么这些资金可能会被银行收回。如果我对收费提出异议，爱彼迎 是否仍会退款？提出拒付后，爱彼迎无法再直接与您解决争议，您收到的任何退款都将来自您的银行，而不是爱彼迎。
退款查找,在大多数情况下，您的退款金额取决于您的预订取消政策和取消时间。通过开始取消您的住宿或体验，您可以找到特定于您的预订的退款金额和取消政策。您还可以前往旅行并选择您的旅行，或查看您的预订确认电子邮件，了解您的预订取消政策。在以下情况下，您可能有权获得全额退款或高于房东取消政策的标准退款金额： 您因特殊情况而必须取消 由于爱彼迎重新预订和退款政策所涵盖的符合条件的原因而必须取消入住时，如果您的计划因 COVID-19 而发生变化，您遇到了爱彼迎重新预订和退款政策所涵盖的问题，请检查“特殊情况政策”是否适用于您的预订。因 COVID-19 取消住宿的退款需要在入住后 14 天内提供疾病或接触证明。例如：COVID-19 检测呈阳性 医生说明 来自当地政府的通知称您已被暴露 来自接触者追踪应用程序的通知屏幕截图 您的家庭成员的检测结果呈阳性
退款时间,好消息 - 如果您有资格获得退款，您将在 10 天内自动获得退款。也许更早。一旦您取消预订，我们就会将退款发送到您预订时使用的付款方式，但您的银行或信用卡发卡机构可能需要更长时间才能收到退款。这完全取决于您的付款方式和居住地： 24 小时 爱彼迎 for Work 积分 爱彼迎 礼品积分 宏宝积分 PayPal 1 个工作日 支付宝 微信支付 最长 5 个工作日 iDEAL Sofort Überweisung 最长 15 个工作日 主要信用卡，包括预付信用卡和借记卡 其他支付方式 Apple Pay Google Pay Postepay 最多 2 份信用卡对帐单 Aura Elo Hipercard 仅限巴西的主要信用卡 注意：如果您的原始支付方式的帐户已关闭，爱彼迎 发送的退款将不会得到处理。如果发生这种情况，我们会与您联络，您可以选择更新您的付款方式。
退款自动,符合条件的退款将在您点击取消后立即处理。我们通过您预订时使用的付款方式自动处理退款。
退款要求,"如果您想在旅行之前或之后申请退款，可以通过我们的聊天机器人处理任何金额的退款申请。您只需单击命令或输入您要发出的请求，屏幕右下角就会弹出一个表格。

我们建议您在向调解中心提交请求之前，通过您的爱彼迎消息线程与房东讨论任何退款金额。但是，如果您和房东无法达成协议，您可以选择向爱彼迎寻求解决方案的帮助。根据我们的重新预订和退款政策，问题必须在发现 72 小时后报告给爱彼迎

如果您在入住期间遇到问题，我们将帮助您要求房东解决问题、申请退款或申请取消全额退款。请务必在发现旅行问题后 24 小时内提交请求。您的房东将有 1 小时的时间做出回应。如果他们拒绝或没有回应，您可以要求 爱彼迎 介入以提供帮助。"
退款符合条件的旅行,一些旅行问题需要一些额外的帮助。如果您遇到其中任何一种情况，您很可能受到重新预订和退款政策的保护： 无法访问房源，例如，如果房东提供了错误的密码箱密码，而现在无法联络到他们 空间不安全或到达时洁，例如脏床单，或安全隐患 关键设施缺失或无法使用，例如，您想象中的游泳池年久失修 地点与房源描述中的描述不符，可能是房间或床位不同，或缺少无障碍功能 如果您需要提交索赔，请确保： 收集证据： 记录照片或视频的问题 联络我们： 在出现问题后 24 小时内给爱彼迎发消息或致电 保持联络：我们将与您联络，为您提供后续步骤
退款加急,不幸的是，这个不在我们手中。这完全取决于您的付款方式的处理时间。
退款取消,你们都准备好去旅行了，现在有些事情发生了。了解如何取消您的住宿或体验。请注意，您的退款须遵守房东的取消政策。您的退款金额还可能受以下因素影响： 清洁费：如果您在入住前取消，则始终会退款。爱彼迎服务费：如果您在免费取消预订期间取消预订，服务费将退款。现场物业费：如果酒店或其他专业房东在现场收取物业费，是否退款这些费用由房东自行决定。
爱彼迎_服务费,为了帮助 爱彼迎 顺利运行并支付 24/7 客户支持等服务成本，我们在确认预订时收取服务费。住宿有 2 种不同的费用结构：分摊费用和仅限房东的费用。 1. 分摊费用 这种费用结构是最常见的，由主人和客人分摊。房东费用 大多数房东支付 3% 的费用，但有些人支付更多费用，包括： 爱彼迎 Plus 房东 在意大利有房源的房东 有超严格取消政策的房东 该费用是从预订小计中计算出来的（每晚房费 + 清洁费 + 额外房客费，如果适用 - 不包括 爱彼迎 费用和税费），并自动从房东付款中扣除。查看预订的服务费： 转到交易历史记录 选择预订代码 在付款下，找到爱彼迎服务费 客人费用 大多数客人服务费低于预订小计的 14.2%（每晚费用 + 清洁费 + 额外客人费用，如果适用——不包括 爱彼迎 费用和税费）。此费用因各种因素而异，并在您预订前结帐时显示，以便您了解会发生什么。 2. 仅房东费用 在这种结构下，全部费用将从房东支付中扣除。通常为 14-16%，但 爱彼迎 Plus 房东和具有超严格取消政策的房东可能会支付更多费用。传统酒店房源（例如酒店、服务式公寓等）以及连接软件的房东（除非他们的大部分房源位于美国、加拿大、巴哈马、墨西哥、阿根廷、台湾或乌拉圭）必须支付此费用）。所有具有 API 连接的主机都将注册为仅主机费，并且无法选择退出。增值税收费 根据所涉司法管辖区的法律，可能会在上述费用的基础上收取增值税。服务费包括适用的增值税。我们保留随时更改服务费用的权利，并会在费用变更生效前提前通知您。任何费用变更都不会影响费用变更生效日期之前的预订。
价钱,爱彼迎 预订的总价格基于房东设定的每晚房价，加上房东或 爱彼迎 确定的费用或成本。费用类型 爱彼迎 服务费：爱彼迎 收取的宾客服务费——提供 24/7 的社区支持，帮助一切顺利进行。清洁费：由一些房东收取，用于支付洁空间的费用。额外客人费用：一些房东对超出设定人数的每位额外客人收取费用。保证金：使用连接 API 的软件管理房源的房东可以使用我们的离线费用功能设置保证金。了解更多关于保证金的信息。增值税（VAT、JCT 和 GST）：向居住在某些国家/地区的客人收取 - 了解有关增值税的更多信息。地方税：根据房东所在地收取 - 了解更多关于地方税的信息。付款 一旦房东接受您的预订请求，您将被收取费用，如果您使用 Instant Book，您将立即被收取费用。如果您的预订符合特定标准，您可以将预订的总费用分摊到多笔付款中，或者您可以一次性支付全部费用。
退款服务费,如果您需要取消（没关系，事情发生了！），您可能会收到整个预订的退款，包括服务费。那么它是怎样工作的？最重要的是：查看您的预订取消政策，了解服务费是否可退款。如果您在预订的免费取消期结束之前（或入住前的任何时间，在某些情况下意大利和韩国旅客的预订）取消，或者如果房东决定在您取消后全额退款，服务费是可退款的。每晚房费和其他费用的退款 房东的取消政策仍然适用于与您的预订相关的任何其他费用。
定价准确,正如 7 月的旅行计划与 2 月的旅行有很大不同一样，价格也是如此。要查看最准确的旅行价格，请在搜索地点时添加日期。为什么？因为某些房东的自定义价格会覆盖特定日期或时间段（包括节假日、周末和一周或一个月的预订）的默认或最低价格。如果您的房东在您请求更改之前更新了他们的位置的定价，您的新预订将反映此定价。
定价交叉,好消息！你被提供了很多。我们仅在特定夜晚提供的价格比平时低至少 10% 时才会取消价格。谁不喜欢知道他们在做一件好事？折扣类型 每周或每月折扣：房东有时会为至少 7 天的住宿提供每晚价格的折扣。早鸟折扣：当客人在旅行前一定天数预订时，房东可以提供每晚价格的折扣。例如，房东可能会为至少提前 2 个月预订的住宿设置 15% 的折扣。降价：房东在他们选择的特定日期降低价格。我们如何计算降价的真实折扣 我们会随着时间的推移跟踪所有主机的价格。通过查看过去 30 天的中位数价格，我们可以计算出每个主机的平均价格。如果主机在特定日期将其价格降低到低于中位数 10% 或更多，我们会通过划掉原始价格来突出显示节省。它是如何工作的 假设您在六月搜索一个晚上。我们可以看到，在过去的 30 天里，主持人在 4 次不同的场合更改了当晚的价格。我们通过将中间的 2 个价格相加并除以 2 来计算今晚的中位价。 价格 1：90 美元 2 美元：100 美元 3 美元：125 美元 4 美元：140 美元 中位价格：（100 美元 + 125 美元）/2 = 112.50 美元接下来，我们将此中间价与您搜索的当晚的当前价格进行比较。如果当前价格比中位数（本例中为 112.50 美元）至少低 10%，我们会在折扣价旁边显示中位数价格被划掉。例如：112.50 美元 100 美元
定价之夜,如果您向房东提交了行程变更请求并且他们接受了，您的预订将会更新，以反映您房东当前的每日费率。与任何酒店或 B&B 一样，您的房东可能会在您最初预订后提高（或什至降低，如果幸运的话）价格。
清洁费,谁不喜欢进入干净整洁的空间？清洁费是一次性洁您入住的空间的费用，由房东设定。当您预订房源时，这是在每晚房价之上的额外费用。这笔费用包括房东在为客人准备好入住时或离开后产生的额外费用。关于清洁费的须知 在房源搜索结果中，您会看到每晚的费率，其中包括清洁费除以旅行的总夜数。当您提出旅行请求时，每晚费用和清洁费将在价格明细中单独列出。清洁费是预订总额的一部分，不会在旅行结束时退款给客人。
优惠券_如何,请务必在预订前使用优惠券，并记住，如果您取消预订，优惠券将无法再次使用。要使用您的优惠券： 在结帐页面上点击输入优惠券（在您的付款方式下方） 选择优惠券或输入您的优惠券代码并点击应用 其他详细信息 您无法在预订后申请优惠券：即使您联络爱彼迎支持，在您预订（未来或过去）后，我们无法使用当前或过期的优惠券。如果您取消，优惠券将不予退款：退款基于房东的取消政策，我们无法恢复或重新发放您过去兑换的优惠券。失效日期无法调整：优惠券一旦过期，就无法延长失效日期或更换优惠券。过期的优惠券不能用于过去的预订。每次预订限制一张优惠券：无法申请多张优惠券。
优惠券一般,请务必在预订前使用优惠券，并记住，如果您取消预订，优惠券将无法再次使用。要使用您的优惠券： 在结帐页面上点击输入优惠券（在您的付款方式下方） 选择优惠券或输入您的优惠券代码并点击应用 其他详细信息 您无法在预订后申请优惠券：即使您联络爱彼迎支持，在您预订（未来或过去）后，我们无法使用当前或过期的优惠券。如果您取消，优惠券将不予退款：退款基于房东的取消政策，我们无法恢复或重新发放您过去兑换的优惠券。失效日期无法调整：优惠券一旦过期，就无法延长失效日期或更换优惠券。过期的优惠券不能用于过去的预订。每次预订限制一张优惠券：无法申请多张优惠券。
优惠券不工作,仔细检查以确保您使用的是正确的代码。如果它仍然不起作用，请记住以下几点：如果优惠券已过期，则无法重新激活它。每次预订只能使用一张优惠券。一张优惠券只能使用一次。如果您取消使用优惠券预订的预订，优惠券将不再有效。对于 28 晚或以上的预订，如果您在预订时选择付款计划，优惠券将降低总价，金额将分摊到付款中。仅接受 爱彼迎 发行的优惠券。如果您使用的优惠券少于全额，任何未使用的折扣金额将被没收。优惠券不能应用于您过去进行的预订。只有收到优惠券的人才能在 爱彼迎 上使用它。无法将优惠券转让给其他人。优惠券只能用于为其签发的预订类型。例如，如果优惠券只能用于住宿，则不能用于体验，或用于 爱彼迎 上的任何其他内容。如果使用优惠券预订的预订稍后发生更改，您需要使用您的付款方式支付差额，或者，如果更改导致退款，我们会将差额记入您的付款方式。但是，您将不会收到优惠券金额的退款，并且优惠券将无法再次使用。优惠券可能有特定限制；有关详细信息，请参阅随优惠券分发的条款和条件。
优惠券主机取消,如果您的房东取消了您使用优惠券的预订，您的优惠券代码将保持有效，并可用于另一次预订。
优惠券条款,以下条款和条件适用于在爱彼迎平台上使用的优惠券（“爱彼迎优惠券”）。提供的其他补充条款以及优惠券也适用于您对爱彼迎优惠券的使用。爱彼迎优惠券为一次性使用且不可退款。优惠券不可兑换现金、礼品卡或以前购买的商品，也不能转让或与其他优惠、优惠券或折扣组合使用。在涉嫌欺诈、滥用、违反我们的服务条款、付款服务条款或技术错误的情况下，爱彼迎保留采取任何补救措施的权利，包括作废此优惠券。请参阅下面的特定重新预订优惠券的附加条款。重新预订优惠券 作为 AirCover 的一部分，当房东意外取消您的预订或其他旅行问题中断住宿时，爱彼迎可能会向您发放重新预订优惠券。优惠券仅适用于入住日期在优惠券发放之日起一年内的住宿。重新预订优惠券自发行后 30 天到期。有关更多信息，请参阅爱彼迎关于优惠券到期日期的通信。重新预订优惠券只能用于预订价值（不包括税费）等于或大于重新预订优惠券价值的住宿预订。
推荐券_旅行积分,如果您通过邀请链接加入爱彼迎获得了旅行积分如果您使用推荐链接注册了爱彼迎，当您支付第一次符合条件的预订时，您的推荐优惠券将自动出现在结帐页面上。您必须有符合条件的预订才有资格获得推荐旅行积分。符合条件的预订必须满足最低价值，其中不包括任何税费。由于最低金额可能会有所不同，因此您应该参考收到的邀请电子邮件或前往邀请页面查看有关哪些预订符合条件的详细信息。如果您通过邀请朋友加入 爱彼迎 获得了旅行积分如果您的朋友使用您的推荐链接注册了 爱彼迎 并完成了符合条件的预订，那么旅行积分将自动添加到您的帐户中。当您为下一次预订付款时，您的旅行积分将显示在结帐页面上。请记住，一旦您的朋友完成符合条件的旅行，您将获得旅行积分。如果您的旅行积分尚未显示，则意味着您的朋友尚未完成他们的旅行或他们的预订不符合条件。
推荐券不见,如果您使用推荐链接注册了 爱彼迎，当您为第一次符合条件的预订付款时，推荐优惠券应该会自动出现在结帐页面上。阅读有关符合条件的预订和旅行积分的更多信息。如果您的推荐优惠券没有出现，您可以按照以下步骤找回您的信用。您将需要收到的推荐链接，该链接可能在您的电子邮件、短信或社交媒体帖子中。或者，您可以使用推荐您的人的电子邮件地址——但这只有在与他们用于爱彼迎账户的电子邮件地址相同时才有效。
礼品卡重量,您可以在商店和网上或直接从我们这里获得 爱彼迎 礼品卡！根据您购买礼品卡的地点，您可以获得发送给您或您的收件人的实体卡或数字卡。目前，礼品卡仅在以下国家/地区可用： 澳大利亚 奥地利 比利时 加拿大 芬兰 法国 德国 爱尔兰 意大利 墨西哥* 荷兰 新西兰 西班牙 瑞典 英国 美国 * - 礼品卡仅可通过第三方零售商购买 重要信息：目前，只能为与您在同一国家或地区的人购买礼品卡，并且收件人必须在该国家/地区拥有有效的付款方式。如果您位于欧洲经济区 (EEA) 区域内的某个国家/地区（法国、意大利、西班牙、德国、奥地利、比利时、芬兰、爱尔兰、荷兰和瑞典），您可以为以下地区的其他人购买礼品卡那些 EEA 国家，只要收件人在该国家/地区拥有有效的付款方式。兑换礼品卡后，可用于世界各地的任何住宿或体验。
发票客人,在爱彼迎生成增值税发票的地区，您可以访问每个预订的单独增值税发票或批量下载增值税发票。要访问预订的增值税发票： 转到预订（您需要在台式计算机或浏览器上登录您的帐户） 如果未显示您要查找的预订，请单击已完成选项卡 单击三个预订旁边的点 选择增值税发票 要为您的预订批量访问增值税发票： 转到预订（您需要在台式计算机或浏览器上登录您的帐户） 选择导出 选择下载增值税发票 选择您的文件类型（ CSV 或 PDF 格式）并选择您要下载的月份 选择下载 注意：批量下载将包括开始日期在所选月份内的预订的增值税发票。如果您将经过验证的增值税 ID 号添加到您的帐户，它将包含在之后创建的增值税发票中。有关预订详情，请查看您的房东确认信息。
收据添加信息,收据发出后，您将无法对其进行添加或编辑。您的账单收据基于您在预订时提供的信息。但是，您可以在预订后更改行程。这包括添加以下信息： 客人姓名和号码（在预订结束前可编辑） 营业地址或帐单地址（随时可编辑） 护照号码 出生日期 客人姓名 税号
收据查找,前往行程并选择您想要收据的行程 单击显示更多行程计划 在显示详细信息中，单击获取收据 选择付款并单击获取收据
concur_triplink,关联您的账户 关联您的 爱彼迎 和 Concur TripLink 账户： 前往 Concur 应用中心的 爱彼迎，然后单击连接 登录您现有的 爱彼迎 账户，或者，如果您还没有账户，请创建一个新账户已链接，您可以通过在预订请求结帐页面上将此预订发送给 Concur 旁边的框标记，使任何 爱彼迎 预订的收据出现在您的 Concur 帐户中。
concur_triplink关联,您需要使用浏览器（而不是使用 爱彼迎 应用程序）登录您的账户来取消关联您的账户。要取消您的 爱彼迎 和 Concur TripLink 帐户的链接：转到帐户选择设置下取消与 Concur 的链接，单击取消链接
图形用户界面,每当对 爱彼迎 服务费或住宿价格以及其他项目（如洁和额外客人）的任何费用征收台湾增值税时，都会提供台湾电子政府统一发票 (eGUI)。爱彼迎向居住在台湾的客人收取客人服务费的增值税。 爱彼迎 还向所有入住台湾房源的客人收取全额住宿费以及其他项目的任何费用，例如清洁费或额外客人的费用（如果适用）。 eGUI 在接受预订时完成并发布，其中包含您为爱彼迎账户输入的信息（姓名和电子邮件地址）。发布后，爱彼迎 无法修改 eGUI。客人要访问 eGUI 进行预订，系统将向与您的 爱彼迎 帐户关联的电子邮件地址发送通知，说明 eGUI 已准备好在台湾财政部电子发票平台下载。当预订被接受、更改和/或取消并且适用台湾增值税时，您还会收到一封电子邮件通知。访问电子发票平台上的 eGUI 进行预订是可选的。有关预订详情，请查看您的账单收据。如果您认为您需要额外的旅行文件，我们建议您在预订前与房东沟通，看看他们是否能够为您提供帮助。
收据_巴西,对于房东 您可以访问每个预订的个人收据。访问预订收据： 转到今天选项卡并单击全部显示以访问您的预订（您需要在计算机或浏览器上访问您的帐户） 单击所需预订的详细信息 单击打印以查看和打印预订的详细信息预订 要访问您的批量预订收据：转到菜单并选择交易历史记录（您需要在计算机或浏览器上访问您的帐户） 单击导出到 CSV 以下载文件 为客人访问您的预订收据：前往旅行并选择您的旅行（您需要在计算机或浏览器上访问您的帐户）。点击您的住宿预订。如果您已经在旅途中，您可能需要点击入住日期。单击获取收据。您还可以通过选择付款信息并单击或点击获取收据，通过预订确认电子邮件接收收据。收据的链接也可以在 爱彼迎 服务费下方的电子邮件收据中找到。要了解有关预订的更多信息，请查看账单收据。如果您认为您需要额外的旅行文件，我们建议您在确认预订之前与房东沟通，看看他们是否可以提供帮助。
发票_巴西,当通过爱彼迎关闭一项操作时，系统会自动生成收据，您可以在爱彼迎平台的个人资料中查看该收据。此收据对税务目的没有影响，但您可以使用它来证明您的预订和付款。 爱彼迎 只会根据现行法律和圣保罗市政府发布的 SEI 号 6017.2021/0025032-5 的特别制度授权条款开具 爱彼迎 服务费 (NFS-e) 发票。注意：爱彼迎 不会就住宿的总价值开具任何发票。
增值税如何,增值税 (VAT) 是对商品和服务供应征收的税种。在某些国家/地区，此类税费可能被称为商品和服务税 (GST)、服务税或消费税（在本文中统称为“增值税”）。根据您的居住国家/地区或房源所在地，爱彼迎需要对您在对电子提供服务征税的国家/地区的预订时的爱彼迎服务费征收增值税。预订的宾客服务费需缴纳增值税。如果您更改预订，增值税会调整以反映服务费的任何变化。预订的房东服务费需缴纳增值税。如果更改预订，增值税会调整以反映服务费的任何变化。根据您的居住国家/地区或房源所在地，您可能需要对您向房客提供的住宿和/或体验服务评估增值税（或其他税费，例如占用税）。详细了解税收对房东的作用。如果您需要协助评估您提供的服务的增值税，我们鼓励您咨询您的税务顾问。
增值税添加,在欧盟范围内，无论您是作为企业经营的房东还是使用雇主付款方式付款的客人，您都可以添加您的增值税 ID 号。当欧盟委员会通过增值税信息交换系统 (VIES) 成功验证您的增值税 ID 号后，我们将不会向您收取增值税服务费。您有责任自行评估是否需要为使用我们的服务支付增值税。欧盟以外的增值税 ID 号可能会根据您的注册地以不同的名称命名：澳大利亚 - ABN、ACN 白俄罗斯 - УНП 加那利群岛 - IGIC 哥伦比亚 - 增值税冰岛 - VSK/VASK 印度尼西亚 - NPWP 日本 - JCT 新西兰 - GST 挪威 - VAT 沙特阿拉伯 - TRN 塞尔维亚 - PIB 新加坡 - GST / UEN / NRIC 韩国 - BRN 瑞士 - VAT 台湾 - VAT 泰国 - TIN 土耳其 - VAT 阿拉伯联合酋长国 - TRN 在欧盟范围内，您有责任自我评估您是否需要为使用我们的服务支付增值税，并且您想考虑更新您的定价。在瑞士、日本和印度尼西亚，拥有增值税号不会免除您根据当地法律对服务费征收的增值税。添加您的增值税号 转到帐户 > 付款和付款 > 税款 单击添加增值税号 输入您的增值税号验证信息 单击添加 如果欧盟委员会未成功验证您的增值税号，您可能需要重新尝试-进入它。未经此验证，爱彼迎无法将增值税号与您的帐户相关联，我们也无法解决问题。有关按成员国划分的增值税 ID 号的正确格式列表和其他信息，请参阅欧盟委员会的 VIES 常见问题解答。如果无法验证您的增值税号，并且您确定需要自行评估我们的服务费增值税，我们建议您咨询税务顾问寻求帮助。
增值税免税,一些城市免除旅客的旅游税或根据他们的情况允许减免旅游税。例子包括儿童、市政当局的居民或在医院探望亲戚的旅行者。以下是一些热门目的地的更多详细信息： 法国 德国 意大利 立陶宛 葡萄牙 瑞士 要了解您是否有资格获得退款或减免，请访问该市的旅游税网页或联络其税务或财政部。
适合的浏览器,为了获得使用 爱彼迎 网站的最佳体验，我们建议使用最新版本的 Google Chrome、Mozilla Firefox、Microsoft Edge 或 Opera。浏览器开发人员经常进行改进，为您提供更快、更安全的在线体验。与旧版浏览器相比，较新的浏览器还支持更广泛的设计和功能。 爱彼迎 网站的许多功能不适用于过时或不受支持的浏览器——在这种情况下，我们通常无法提供技术支持。
登录_AppleID ,Sign in with Apple 允许您在 爱彼迎 上使用 Face ID 或 Touch ID 而不是密码。老用户可以一键登录他们的帐户。 Sign in with Apple 目前仅可用于创建新的 爱彼迎 帐户。如果您已经有爱彼迎账户，请照常登录您的账户。创建新帐户时，您还可以通过 Web 浏览器或 Android 手机使用 Apple 登录。查看 Apple 的支持页面，了解如何在其他平台上执行此操作。如果您使用电子邮件地址从 Web 浏览器或 Android 设备注册，请单击登录，然后单击忘记密码？输入与您的 Apple ID 关联的电子邮件地址，然后单击发送重置链接。按照电子邮件中的说明在您的帐户上设置爱彼迎密码。您现在可以使用您的 Apple ID 电子邮件地址和您的 爱彼迎 密码登录您的帐户。您仍然可以在 iOS 设备上使用一键式 Apple 登录。如果您使用 Apple 转发电子邮件地址进行注册，请查看 Apple 的支持页面以了解如何执行此操作。
取消关联_AppleID ,在您的 iOS 设备上，转到“设置”并单击您的姓名（第一个菜单项）。单击密码和安全性，然后单击使用您的 Apple ID 的应用程序。单击 爱彼迎，然后单击停止使用 Apple ID。通过再次单击停止使用来确认您的选择。请注意，这不会删除您的 爱彼迎 帐户，而只是将您的 Apple ID 与您的 爱彼迎 帐户分离。
中国帐户,爱彼迎通过爱彼迎互联网（北京）有限公司（“爱彼迎中国”）在中华人民共和国（不包括香港、澳门和台湾）（“中国”）开展业务。如果您居住在中国：根据我们的服务条款，您将与爱彼迎中国签订合同，但在中国境外预订房东服务或创建房源时，您将与爱彼迎爱尔兰签订合同。根据我们的付款服务条款，您将与爱彼迎中国签订合同，但以下情况除外：您在中国境外预订房东服务；或者当您创建位于中国境外的列表时；或者您向非中国居民的房东预订中国房源，在这种情况下，您与 爱彼迎 Payments UK Ltd 就该交易签订了合同。根据我们的隐私政策，当您与爱彼迎中国签订合同时，您的信息将根据中国法律法规（包括隐私和信息披露法）传输至爱彼迎中国，并由爱彼迎中国进行存储、使用和处理。与在中国经营的酒店和所有企业一样，爱彼迎中国必须遵守这些当地法律法规。中国政府机构要求爱彼迎中国披露与中国房源相关的房东和房源信息，以及与中国预订相关的客人预订和入住信息。与在中国开展业务的其他酒店公司类似，爱彼迎中国将向中国政府机构披露您的信息，恕不另行通知。如果您不住在中国，请更新您帐户设置的个人资料的“您居住的地方”部分。
帐户_fb_google,根据您的隐私设置，将您的 Facebook 或 Google 帐户连接到 爱彼迎，您可以直接或通过共同的朋友查看您与这些帐户上的其他人的联络方式。您的社交账户还将向您社交账户上的朋友（他们也在爱彼迎上）突出显示您的 爱彼迎 活动，其中可能包括您的用户名、头像和最近访问的位置。转到帐户 单击登录和安全 转到社交帐户，选择每个帐户旁边的连接并按照说明进行操作。要断开连接，请按照步骤操作，然后选择要关闭的每个帐户旁边的断开连接。当您关闭 Facebook 或 Google 帐户时，您的 爱彼迎 帐户仍与该帐户保持连接。但是，您的 爱彼迎 活动不会与该帐户在 爱彼迎 上的朋友分享。您的公开 爱彼迎 活动，例如您创建的愿望单或您撰写的评论，仍会在 爱彼迎 上向其他人显示。如果您启用了 Facebook 或 Google 帐户，但没有看到任何联络，则可能是您来自该帐户的朋友尚未在 爱彼迎 上活跃。
更改帐户密码,转到帐户 > 登录和安全 在密码旁边，单击更新 输入您的当前密码 输入并确认您的新密码 单击更新密码
重置帐户密码,转到重置密码页面 输入您用于 爱彼迎 的电子邮件地址 单击发送重置链接 您将收到电子邮件重置密码的链接。如果您多次请求重置链接，请确保您使用的是正确的电子邮件地址。您可能还需要禁用电子邮件服务的链接预览（例如：Outlook）或邮件扫描仪功能，这可能会导致链接在您打开之前过期。如果您通过连接到 Facebook、Google、Apple 或使用您的电话号码创建了 爱彼迎 帐户，则无需创建密码。但是您也可以选择通过创建密码直接登录。方法如下： 退出您的爱彼迎账户 按照上述步骤重置您的密码
更改帐户,只需单击或点按您的个人资料图片并转到帐户，您会发现： 个人信息：提供个人详细信息以及我们如何联络您 登录和安全：更新您的密码并保护您的帐户 付款和付款：查看付款、付款、优惠券、礼品卡和税费 通知：选择通知偏好以及您希望如何联络 隐私和共享：控制连接的应用程序、您共享的内容以及谁可以看到 全球偏好：设置您的默认语言、货币和时区 出差: 加个工作邮箱，出差福利 专业托管工具： 管理好几处房产 邀请好友： 人人出游更有趣。
合并帐户,出于某种原因，您可能拥有多个 爱彼迎 帐户。不幸的是，没有办法在它们之间合并或移动信息或预订。我们的建议？选择您要继续使用的一个，然后停用或删除另一个。该帐户上的任何待处理预订都将被取消，因此请务必等到预订完成后再将其删除。
改帐户电子邮件,转到帐户 > 个人信息 在电子邮件地址旁边，单击编辑 进行更改，然后单击保存 如果您收到电子邮件地址已被使用但忘记密码的通知，请尝试重置它。
改帐户电话,转到帐户 > 个人信息 在电话号码旁边，单击编辑进行更改，然后单击保存
联络人紧急情况,转到帐户 > 个人信息 在紧急联络人旁边，单击编辑 单击添加新紧急联络人 输入您的紧急联络人详细信息，然后单击保存 您可以按照上述步骤添加其他联络人，或删除现有联络人。只需单击删除或添加新的紧急联络人。
换语言,单击您的个人资料照片 > 帐户 > 全球首选项 在首选语言旁边，单击编辑 选择您的首选语言 单击保存
帐户位置,单击您的个人资料照片>帐户转到个人资料并单击编辑添加或更改您的位置单击保存
删除帐户,我们不想看到你离开，但如果你决定离开 爱彼迎，你有几个选择。您可以暂时停用您的帐户，以便稍后重新激活它，或者您可以永久删除它。要提交任一请求，请通过网络浏览器（而非 爱彼迎 应用程序）访问 https://www.爱彼迎.com/account-settings/privacy-and-sharing。
帐户工作电子邮件,商务旅行者可以使用他们的常规 爱彼迎 账户预订商务旅行——您只需将您的工作电子邮件地址与您的 爱彼迎 账户相关联，以便我们确认您为贵公司工作。如果您需要切换与您的工作电子邮件关联的帐户，或者如果您不再希望您的帐户被关联，请按照以下步骤从您的个人 爱彼迎 帐户取消关联（或重新关联）您的工作电子邮件地址：转到编辑个人资料在 爱彼迎.com 上向下滚动到 Work Travel 单击 X 取消关联您的帐户或单击 + 添加工作电子邮件以添加新的工作电子邮件 公司旅行管理员注意事项：如果您是公司帐户的唯一旅行管理员，我们建议您在取消关联帐户之前添加了另一个旅行管理员。
验证身份,房东可能会要求他们的客人提供政府身份证，以便预订他们的地方或体验。有时我们会要求提供身份证件来帮助我们检查某人是否是他们所说的人。无论出于何种原因，您的 ID 都不会与使用 爱彼迎 的其他任何人共享。当您被要求确认您的身份时，您需要添加您的法定姓名和地址，或提交您的政府身份证照片。这可能是驾照、护照、身份证或签证。如果您稍后需要回来完成身份确认，那没关系，您可以从上次中断的地方继续。有时，我们会要求您为自己拍摄一张新照片。这与您的个人资料照片不同，您也可能会被要求提供。请注意，完成此过程并不代表对任何主人或客人的认可、对某人身份的保证或与他们互动将是安全的保证。始终使用您自己的最佳判断，并遵循我们为客人和房东提供的安全提示。在某些情况下，您可能不需要添加政府 ID。当您添加您的法定姓名和地址时，我们会确认您的真实身份（这应该与您获得银行文件或水电费账单的位置一致）。我们会将这些信息与安全的第三方数据库进行匹配。我们绝不会与任何使用 爱彼迎 的人分享您的 ID。我们不会向房东提供您的身份证照片、您在身份验证时为自己拍摄的照片或您的地址。但是，我们会分享： 您身份证上的名字 您是否超过或未满 25 岁 您的身份证是否已成功添加 您的个人资料照片和个人资料名称
ID检查,您的安全是重中之重。我们希望您确信 爱彼迎 上的人就是他们所说的那样。我们这样做的一种方法是检查政府身份证。这可能是驾照、护照、身份证或签证。一些房东需要政府身份证才能让客人预订住宿或体验。您的 ID 永远不会与使用 爱彼迎 的任何其他人共享。
ID提交,通过提供您的身份信息，您有助于在 爱彼迎 社区中建立信任。当您被要求确认您的身份时，您需要添加您的法定姓名和地址，或政府身份证（驾驶执照、护照或国民身份证）的照片。如果您稍后需要返回并完成身份确认，请转到身份验证以从上次中断的地方继续。遇到麻烦？试试这些： 检查您的信息：您可能已经通过短信、电子邮件或电话收到了更多信息。你认为你可能错过了一封电子邮件吗？了解原因。授予摄像头权限：爱彼迎应用程序或您的浏览器可能需要获得权限才能访问您的摄像头。还是行不通？尝试刷新应用程序或页面。使用高质量的照片：在光线充足的房间里拍照，检查你的脸是否晰且没有被遮挡，并且信息是否符合提供的白线。使用“自动”模式将允许应用程序自动拍摄高质量的照片，尽管您可以随时切换回手动拍摄照片。欢迎佩戴宗教头巾，但请确保我们可以看到您的眼睛、鼻子和嘴巴。提交身份证原件（非复印）和完好无损的照片：如果身份证件有两面，如驾照或国民身份证，请提交正反面照片。对于新加坡、香港、荷兰、日本和韩国的居民：确保您的身份证件图片上没有显示您的身份证号或注册号。如果您要上传韩国国民身份证或驾驶执照，请只保留前 6 位数字（其中包含您的出生日期）。
验证号码,转到帐户 > 个人信息 在电话号码旁边，单击编辑然后添加电话号码 选择您的国家，（国家代码将自动添加）输入您的区号和电话号码单击验证，我们将向您发送一个 4 位数短信验证码 (SMS) 输入您的 4 位数验证码 验证您的电话号码后，您可以通过转到“帐户”并选择“通知”来管理短信通知。标准消息和数据费率可能适用于发送或接收的任何呼叫或消息。
验证中国,对于所有在中国的房东和客人，我们根据适用的法律法规提供本地化的身份验证流程： 您在线提供您的政府身份证号码 我们通过面部识别技术将其与第三方数据库进行匹配 这也有助于减少在线欺诈，建立信任，让整个 爱彼迎 社区更安全。
正假爱彼迎,如果您收到一封电子邮件或被引导到一个看起来像 爱彼迎 但要求提供机密信息的网站，请谨慎行事。如有疑问，请始终从 爱彼迎 主页开始。在浏览器中输入 https://www.爱彼迎.com 并从那里开始。到 爱彼迎 的真正链接将以 https://www.爱彼迎.com 或特定国家/地区的 URL 开头，例如 https://es.爱彼迎.com、https://it.爱彼迎.com、https://www。 爱彼迎.com.at，或 https://www.爱彼迎.co.uk。如果您点击的链接将您带到一个看起来像 爱彼迎 但并非以该地址开头的页面，则该页面是欺诈页面，您应该关闭它。欺诈性电子邮件通常来自可能看起来相似的域，例如@bnb.com 或@reservation-爱彼迎.com。但来自 爱彼迎 的合法电子邮件只会来自以下域：@爱彼迎.com @爱彼迎action.com @爱彼迎love.com @爱彼迎mail.com @support-email.爱彼迎.com @supportmessaging.爱彼迎.com @爱彼迎.zendesk.com @ e.爱彼迎.com @express.medallia.com @ext.爱彼迎.com @guest.爱彼迎.com @host.爱彼迎.com @noreply@qemailserver.com @outreach.爱彼迎.com @research.爱彼迎.com 如果不是从这些地址之一发送的，它不是来自 爱彼迎。如果您认为自己遇到了一个看起来像 爱彼迎 的网页，请在 https://www.爱彼迎.com/report-phishing 报告该网站的 URL，让我们知道。此页面仅用于报告可疑网站——它不会创建 爱彼迎 帮助请求或向您发送确认信息。如果您与欺诈网站互动或担心您的帐户安全，请联络我们。
登录信息,对您过去的登录感到好奇吗？转到帐户并选择登录和安全。在设备历史记录下，您会找到您爱彼迎帐户的登录列表，包括： 什么浏览器或设备 什么时间 访问地点
两步验证,首先，在网络或移动浏览器上转到帐户设置 > 个人信息，如果您还没有添加您的电话号码，请添加您的电话号码。然后： 转到帐户设置 > 登录和安全或个人信息 从任一页面顶部的设置两步验证横幅中，单击或点击立即设置 选择您希望如何接收一次性密码 - 通过文本 (SMS) 或电话 — 并在出现提示时输入 创建个人识别码 (PIN) 添加只有您可以回答的安全问题 要编辑您的 PIN 或安全问题，请单击编辑链接。
两步验证问题,您的 PIN 和安全问题 确保您的帐户上有一个可以接收验证码的电话号码 - 如果没有，请先按照上述步骤更新您的电话 从帐户设置的登录和安全页面单击编辑 PIN 如果可以不记得您的 PIN，您可以通过单击忘记 PIN 来回答安全问题？输入您的 PIN 屏幕中的链接 如果您不记得您的 PIN 或安全问题，您需要在尝试更新您的 PIN 时单击两步验证过程中的需要帮助链接 准备好更新您的 PIN 为一旦您收到我们的回复，将在 12-24 小时内
未经授权使用,认为您的帐户已在未经您许可的情况下被访问？现在让我们深入了解它。前往 爱彼迎.com/review_your_account 并按照说明进行操作。您可能会被要求： 更改您的爱彼迎密码 查看您上次登录帐户的时间并确认您识别登录的设备和位置 检查您的联络信息、个人资料照片、房源和付款方式是否未被他人更改else 确认您帐户中的任何预订都是由您进行的 如果有任何不妥之处，我们将帮助您了解所做的更改以及如何撤消这些更改。
爱彼迎love_&open,有时，我们会以独特、定制的礼物形式与房东和房客分享一点 爱彼迎Love —— 一份感谢您或庆祝特殊时刻的小礼物。您可能会收到一封来自我们的合作伙伴 &Open 的电子邮件，询问您的地址或接收礼物的最佳时间。我们希望确保您得到您的特别款待。只有当我们向您发送现金礼物时，&Open 才会询问您的银行卡详细信息。现金礼物由 &Open 通过 PayPal 的子公司 Hyperwallet 支付服务发送。所有现金礼品应在发送后的 1-2 个工作日内通过您的卡或您的银行账户收到。
Medallia,我们喜欢学习、改进和成长——如果没有社区的声音，我们就无法做到这一点。这就是为什么您可能会收到 Medallia 代表 爱彼迎 发送的电子邮件，以寻求有关您在我们这里的体验的反馈。我们非常感谢您能抽出几分钟时间告诉我们如何让您的爱彼迎体验令人惊叹。不想收到此类电子邮件？没问题。只需点击退订。我们不会把它当成个人！
评论住宿,点评是房东和房客相互提供反馈的好方法。它们还帮助我们的社区了解在制定计划时会发生什么。以下是点评的运作方式： 结帐完成后，我们会要求您撰写点评并为您最近的旅行或您的客人提供星级评分 您必须在结帐后的 14 天内提交点评 - 在此期间，您可以对其进行编辑，直到对方提交他们的评论 评论仅在 a) 双方都完成他们的评论后发布，或 b) 14 天期限结束 - 以先到者为准 您也可以留下私人反馈，该反馈只会与发布评论后您的主人或客人
体验评论,体验结束后，客人有 30 天的时间发表公开评论，并可以选择为房东分享私人反馈。请记住，即使客人迟到、早退或因找不到会面地点而没有参加，客人仍然可以撰写评论。
写评论,"要求：1,000 字限制 必须遵守我们的评论政策 请注意，您必须在结帐后的 14 天内提交您的评论——之后，您将无法对其进行编辑。最好的评论是有帮助的。在预订住宿或欢迎某人进入您的地方之前，请考虑一下您想知道的内容。突出以下内容：您与客人、主人及其同事的互动——他们是否愉快和尊重？任何让住宿变得特别的东西，例如洁度、个人风格、便利性、令人惊叹的咖啡 实用信息：房东是否乐于助人并有空？你对这个位置感到兴奋吗？单准确吗？您还可以选择留下私人反馈，这些反馈将在发布评论时共享。详细了解点评如何适用于住宿。如果您愿意，您可以将私人反馈留给房东或客人，这些反馈将在发布评论时仅与他们分享。您还可以在发布后 30 天内对某人为您留下的评论发表公开回复。虽然您无法删除他们的评论，但如果您认为它违反了我们的评论政策，您可以举报。"
改评论,转到个人资料 > 评论 选择您的评论 转到您要编辑的评论
删除评论,一旦您撰写的评论被发布，您可以联络我们要求将其删除。别人写评论了吗？请注意，我们只会在违反我们的审查政策时采取行动。请注意，撰写评论的人始终有权要求将其删除。
回复评论,转到个人资料 > 评论 单击您的评论 转到您要回复的评论，然后单击发表回复 您的回复将立即发布，之后您将无法对其进行编辑 - 所以花点时间认真考虑一下你想说的是什么。
审查取消,如果房东在入住前取消住宿，您将无法留下评论。相反，系统会在他们的房源资料中添加一条自动评论，以表明他们取消了预订。这些评论是房东取消的处罚之一，无法删除。如果房东在入住当天或之后取消住宿（房源所在时区的凌晨 12:00），您可以选择留下评论。如果您选择发表评论，请务必遵守我们的评论政策，并且只对您可以亲自交谈的相关体验进行评分和评论。例如，您可能会收到有关沟通不畅、入住时出现问题或难以找到房源的宝贵反馈。但是，如果您没有完成登记入住，您可能没有关于位置、便利设施或价值的相关反馈。
安全不安全,如果发生紧急情况，或者您的人身安全在旅途中受到威胁，请立即联络当地警察或紧急服务部门。您还可以： 联络 爱彼迎 报告问题；我们在这里 24/7。在我们的帮助中心阅读更多关于如何直接联络我们的信息。在您开始旅行之前阅读我们的安全提示，以帮助您自信地旅行
安全位置,您很高兴预订住宿地点，但现在您正在重新考虑该位置。第一步，阅读房东在房源描述中发布的所有内容，例如设施、房屋规则和指南（如果有的话）。还在担心吗？联络您的房东以了解有关该社区的更多信息。重要提示：在预订前查看房东的取消政策。如果时事或政治冲突造成不安全的情况，如果您因特殊情况取消，您可能有资格获得全额退款。
体验伤害,您的安全是重中之重。如果您在体验期间受伤或需要医疗护理，请自行前往安全的地方并立即联络当地紧急服务部门。一旦您安全并且您的直接担忧得到解决，请向我们报告该事件。最快的方法是使用您的爱彼迎应用程序，点击您的个人资料并选择获取帮助，然后点击您的旅行下方的联络我们。
